Date,Close,Date,Close,Date,Close,Total Returns
3/2/2015 16:00:00,569.78,3/2/2015 16:00:00,385.66,3/2/2015 16:00:00,32.27,987.71
3/3/2015 16:00:00,572.07,3/3/2015 16:00:00,384.61,3/3/2015 16:00:00,32.34,989.02
3/4/2015 16:00:00,571.8,3/4/2015 16:00:00,382.72,3/4/2015 16:00:00,32.14,986.66
3/5/2015 16:00:00,573.76,3/5/2015 16:00:00,387.83,3/5/2015 16:00:00,31.6,993.19
3/6/2015 16:00:00,566.13,3/6/2015 16:00:00,380.09,3/6/2015 16:00:00,31.65,977.87
3/9/2015 16:00:00,567.29,3/9/2015 16:00:00,378.56,3/9/2015 16:00:00,31.79,977.64
3/10/2015 16:00:00,553.49,3/10/2015 16:00:00,369.51,3/10/2015 16:00:00,31.13,954.13
3/11/2015 16:00:00,549.67,3/11/2015 16:00:00,366.37,3/11/2015 16:00:00,30.56,946.6
3/12/2015 16:00:00,553.99,3/12/2015 16:00:00,374.24,3/12/2015 16:00:00,31.11,959.34
3/13/2015 16:00:00,545.82,3/13/2015 16:00:00,370.58,3/13/2015 16:00:00,30.9,947.3
3/16/2015 16:00:00,552.99,3/16/2015 16:00:00,373.35,3/16/2015 16:00:00,31.24,957.58
3/17/2015 16:00:00,549.33,3/17/2015 16:00:00,371.92,3/17/2015 16:00:00,31.76,953.01
3/18/2015 16:00:00,557.97,3/18/2015 16:00:00,375.14,3/18/2015 16:00:00,32.12,965.23
3/19/2015 16:00:00,556.46,3/19/2015 16:00:00,373.24,3/19/2015 16:00:00,31.87,961.57
3/20/2015 16:00:00,558.83,3/20/2015 16:00:00,378.49,3/20/2015 16:00:00,31.48,968.8
3/23/2015 16:00:00,557.28,3/23/2015 16:00:00,375.11,3/23/2015 16:00:00,31.8,964.19
3/24/2015 16:00:00,568.63,3/24/2015 16:00:00,374.09,3/24/2015 16:00:00,31.67,974.39
3/25/2015 16:00:00,557.26,3/25/2015 16:00:00,370.96,3/25/2015 16:00:00,30.85,959.07
3/26/2015 16:00:00,553.65,3/26/2015 16:00:00,367.35,3/26/2015 16:00:00,31.06,952.06
3/27/2015 16:00:00,546.84,3/27/2015 16:00:00,370.56,3/27/2015 16:00:00,30.81,948.21
3/30/2015 16:00:00,550.52,3/30/2015 16:00:00,374.59,3/30/2015 16:00:00,31.59,956.7
3/31/2015 16:00:00,546.5,3/31/2015 16:00:00,372.1,3/31/2015 16:00:00,31.11,949.71
4/1/2015 16:00:00,541.07,4/1/2015 16:00:00,370.26,4/1/2015 16:00:00,31.06,942.39
4/2/2015 16:00:00,534.06,4/2/2015 16:00:00,372.25,4/2/2015 16:00:00,31.33,937.64
4/6/2015 16:00:00,535.3,4/6/2015 16:00:00,377.04,4/6/2015 16:00:00,31.84,944.18
4/7/2015 16:00:00,535.55,4/7/2015 16:00:00,374.41,4/7/2015 16:00:00,31.5,941.46
4/8/2015 16:00:00,540.13,4/8/2015 16:00:00,381.2,4/8/2015 16:00:00,31.4,952.73
4/9/2015 16:00:00,539.3,4/9/2015 16:00:00,383.54,4/9/2015 16:00:00,31.64,954.48
4/10/2015 16:00:00,538.53,4/10/2015 16:00:00,382.65,4/10/2015 16:00:00,31.78,952.96
4/13/2015 16:00:00,537.69,4/13/2015 16:00:00,382.36,4/13/2015 16:00:00,31.71,951.76
4/14/2015 16:00:00,528.94,4/14/2015 16:00:00,385.11,4/14/2015 16:00:00,31.58,945.63
4/15/2015 16:00:00,531.07,4/15/2015 16:00:00,383.45,4/15/2015 16:00:00,31.7,946.22
4/16/2015 16:00:00,532.34,4/16/2015 16:00:00,386.04,4/16/2015 16:00:00,31.54,949.92
4/17/2015 16:00:00,522.62,4/17/2015 16:00:00,375.56,4/17/2015 16:00:00,31.19,929.37
4/20/2015 16:00:00,533.91,4/20/2015 16:00:00,389.51,4/20/2015 16:00:00,31.9,955.32
4/21/2015 16:00:00,532.51,4/21/2015 16:00:00,391.18,4/21/2015 16:00:00,31.73,955.42
4/22/2015 16:00:00,537.89,4/22/2015 16:00:00,389.8,4/22/2015 16:00:00,32.16,959.85
4/23/2015 16:00:00,545.5,4/23/2015 16:00:00,389.99,4/23/2015 16:00:00,32.42,967.91
4/24/2015 16:00:00,563.51,4/24/2015 16:00:00,445.1,4/24/2015 16:00:00,32.57,1041.18
4/27/2015 16:00:00,555.37,4/27/2015 16:00:00,438.56,4/27/2015 16:00:00,33.16,1027.09
4/28/2015 16:00:00,553.68,4/28/2015 16:00:00,429.31,4/28/2015 16:00:00,32.64,1015.63
4/29/2015 16:00:00,549.08,4/29/2015 16:00:00,429.37,4/29/2015 16:00:00,32.16,1010.61
4/30/2015 16:00:00,537.34,4/30/2015 16:00:00,421.78,4/30/2015 16:00:00,31.29,990.41
5/1/2015 16:00:00,537.9,5/1/2015 16:00:00,422.87,5/1/2015 16:00:00,32.24,993.01
5/4/2015 16:00:00,540.78,5/4/2015 16:00:00,423.04,5/4/2015 16:00:00,32.17,995.99
5/5/2015 16:00:00,530.8,5/5/2015 16:00:00,421.19,5/5/2015 16:00:00,31.45,983.44
5/6/2015 16:00:00,524.22,5/6/2015 16:00:00,419.1,5/6/2015 16:00:00,31.25,974.57
5/7/2015 16:00:00,530.7,5/7/2015 16:00:00,426.88,5/7/2015 16:00:00,31.32,988.9
5/8/2015 16:00:00,538.22,5/8/2015 16:00:00,433.69,5/8/2015 16:00:00,31.91,1003.82
5/11/2015 16:00:00,535.7,5/11/2015 16:00:00,432.85,5/11/2015 16:00:00,31.58,1000.13
5/12/2015 16:00:00,529.04,5/12/2015 16:00:00,431.02,5/12/2015 16:00:00,31.47,991.53
5/13/2015 16:00:00,529.62,5/13/2015 16:00:00,426.87,5/13/2015 16:00:00,31.5,987.99
5/14/2015 16:00:00,538.4,5/14/2015 16:00:00,432.28,5/14/2015 16:00:00,32.24,1002.92
5/15/2015 16:00:00,533.85,5/15/2015 16:00:00,426,5/15/2015 16:00:00,32.19,992.04
5/18/2015 16:00:00,532.3,5/18/2015 16:00:00,425.24,5/18/2015 16:00:00,32.55,990.09
5/19/2015 16:00:00,537.36,5/19/2015 16:00:00,421.71,5/19/2015 16:00:00,32.52,991.59
5/20/2015 16:00:00,539.27,5/20/2015 16:00:00,423.86,5/20/2015 16:00:00,32.52,995.65
5/21/2015 16:00:00,542.51,5/21/2015 16:00:00,431.63,5/21/2015 16:00:00,32.85,1006.99
5/22/2015 16:00:00,540.11,5/22/2015 16:00:00,427.63,5/22/2015 16:00:00,33.14,1000.88
5/26/2015 16:00:00,532.32,5/26/2015 16:00:00,425.47,5/26/2015 16:00:00,32.41,990.2
5/27/2015 16:00:00,539.79,5/27/2015 16:00:00,431.42,5/27/2015 16:00:00,33.01,1004.22
5/28/2015 16:00:00,539.78,5/28/2015 16:00:00,426.57,5/28/2015 16:00:00,32.95,999.3
5/29/2015 16:00:00,532.11,5/29/2015 16:00:00,429.23,5/29/2015 16:00:00,32.57,993.91
6/1/2015 16:00:00,533.99,6/1/2015 16:00:00,430.92,6/1/2015 16:00:00,32.63,997.54
6/2/2015 16:00:00,539.18,6/2/2015 16:00:00,430.99,6/2/2015 16:00:00,32.49,1002.66
6/3/2015 16:00:00,540.31,6/3/2015 16:00:00,436.59,6/3/2015 16:00:00,32.53,1009.43
6/4/2015 16:00:00,536.7,6/4/2015 16:00:00,430.78,6/4/2015 16:00:00,32.34,999.82
6/5/2015 16:00:00,533.33,6/5/2015 16:00:00,426.95,6/5/2015 16:00:00,32.16,992.44
6/8/2015 16:00:00,526.83,6/8/2015 16:00:00,423.5,6/8/2015 16:00:00,31.95,982.28
6/9/2015 16:00:00,526.69,6/9/2015 16:00:00,425.48,6/9/2015 16:00:00,31.86,984.03
6/10/2015 16:00:00,536.69,6/10/2015 16:00:00,430.77,6/10/2015 16:00:00,32.22,999.68
6/11/2015 16:00:00,534.61,6/11/2015 16:00:00,432.97,6/11/2015 16:00:00,32.15,999.73
6/12/2015 16:00:00,532.33,6/12/2015 16:00:00,429.92,6/12/2015 16:00:00,31.79,994.04
6/15/2015 16:00:00,527.2,6/15/2015 16:00:00,423.67,6/15/2015 16:00:00,31.73,982.6
6/16/2015 16:00:00,528.15,6/16/2015 16:00:00,427.26,6/16/2015 16:00:00,31.9,987.31
6/17/2015 16:00:00,529.26,6/17/2015 16:00:00,427.81,6/17/2015 16:00:00,31.83,988.9
6/18/2015 16:00:00,536.73,6/18/2015 16:00:00,439.39,6/18/2015 16:00:00,31.97,1008.09
6/19/2015 16:00:00,536.69,6/19/2015 16:00:00,434.92,6/19/2015 16:00:00,31.65,1003.26
6/22/2015 16:00:00,538.19,6/22/2015 16:00:00,436.29,6/22/2015 16:00:00,31.9,1006.38
6/23/2015 16:00:00,540.48,6/23/2015 16:00:00,445.99,6/23/2015 16:00:00,31.76,1018.23
6/24/2015 16:00:00,537.84,6/24/2015 16:00:00,440.84,6/24/2015 16:00:00,32.03,1010.71
6/25/2015 16:00:00,535.23,6/25/2015 16:00:00,440.1,6/25/2015 16:00:00,31.88,1007.21
6/26/2015 16:00:00,531.69,6/26/2015 16:00:00,438.1,6/26/2015 16:00:00,31.69,1001.48
6/29/2015 16:00:00,521.52,6/29/2015 16:00:00,429.86,6/29/2015 16:00:00,31.13,982.51
6/30/2015 16:00:00,520.51,6/30/2015 16:00:00,434.09,6/30/2015 16:00:00,31.36,985.96
7/1/2015 16:00:00,521.84,7/1/2015 16:00:00,437.39,7/1/2015 16:00:00,31.65,990.88
7/2/2015 16:00:00,523.4,7/2/2015 16:00:00,437.71,7/2/2015 16:00:00,31.61,992.72
7/6/2015 16:00:00,522.86,7/6/2015 16:00:00,436.04,7/6/2015 16:00:00,31.5,990.4
7/7/2015 16:00:00,525.02,7/7/2015 16:00:00,436.72,7/7/2015 16:00:00,31.42,993.16
7/8/2015 16:00:00,516.83,7/8/2015 16:00:00,429.7,7/8/2015 16:00:00,30.64,977.17
7/9/2015 16:00:00,520.68,7/9/2015 16:00:00,434.39,7/9/2015 16:00:00,30.02,985.09
7/10/2015 16:00:00,530.13,7/10/2015 16:00:00,443.51,7/10/2015 16:00:00,30.82,1004.46
7/13/2015 16:00:00,546.55,7/13/2015 16:00:00,455.57,7/13/2015 16:00:00,31.42,1033.54
7/14/2015 16:00:00,561.1,7/14/2015 16:00:00,465.57,7/14/2015 16:00:00,31.4,1058.07
7/15/2015 16:00:00,560.22,7/15/2015 16:00:00,461.19,7/15/2015 16:00:00,31.71,1053.12
7/16/2015 16:00:00,579.85,7/16/2015 16:00:00,475.48,7/16/2015 16:00:00,32.13,1087.46
7/17/2015 16:00:00,672.93,7/17/2015 16:00:00,483.01,7/17/2015 16:00:00,32.41,1188.35
7/20/2015 16:00:00,663.02,7/20/2015 16:00:00,488.1,7/20/2015 16:00:00,33.02,1184.14
7/21/2015 16:00:00,662.3,7/21/2015 16:00:00,488,7/21/2015 16:00:00,32.69,1182.99
7/22/2015 16:00:00,662.1,7/22/2015 16:00:00,488.27,7/22/2015 16:00:00,31.31,1181.68
7/23/2015 16:00:00,644.28,7/23/2015 16:00:00,482.18,7/23/2015 16:00:00,31.29,1157.75
7/24/2015 16:00:00,623.56,7/24/2015 16:00:00,529.42,7/24/2015 16:00:00,31.13,1184.11
7/27/2015 16:00:00,627.26,7/27/2015 16:00:00,531.41,7/27/2015 16:00:00,30.69,1189.36
7/28/2015 16:00:00,628,7/28/2015 16:00:00,526.03,7/28/2015 16:00:00,30.85,1184.88
7/29/2015 16:00:00,631.93,7/29/2015 16:00:00,529,7/29/2015 16:00:00,30.75,1191.68
7/30/2015 16:00:00,632.59,7/30/2015 16:00:00,536.76,7/30/2015 16:00:00,30.59,1199.94
7/31/2015 16:00:00,625.61,7/31/2015 16:00:00,536.15,7/31/2015 16:00:00,30.33,1192.09
8/3/2015 16:00:00,631.21,8/3/2015 16:00:00,535.03,8/3/2015 16:00:00,29.61,1195.85
8/4/2015 16:00:00,629.25,8/4/2015 16:00:00,531.9,8/4/2015 16:00:00,28.66,1189.81
8/5/2015 16:00:00,643.78,8/5/2015 16:00:00,537.01,8/5/2015 16:00:00,28.85,1209.64
8/6/2015 16:00:00,642.68,8/6/2015 16:00:00,529.46,8/6/2015 16:00:00,28.78,1200.92
8/7/2015 16:00:00,635.3,8/7/2015 16:00:00,522.62,8/7/2015 16:00:00,28.88,1186.8
8/10/2015 16:00:00,633.73,8/10/2015 16:00:00,524,8/10/2015 16:00:00,29.93,1187.66
8/11/2015 16:00:00,660.78,8/11/2015 16:00:00,527.46,8/11/2015 16:00:00,28.37,1216.61
8/12/2015 16:00:00,659.56,8/12/2015 16:00:00,525.91,8/12/2015 16:00:00,28.81,1214.28
8/13/2015 16:00:00,656.45,8/13/2015 16:00:00,529.66,8/13/2015 16:00:00,28.79,1214.9
8/14/2015 16:00:00,657.12,8/14/2015 16:00:00,531.52,8/14/2015 16:00:00,28.99,1217.63
8/17/2015 16:00:00,660.87,8/17/2015 16:00:00,535.22,8/17/2015 16:00:00,29.29,1225.38
8/18/2015 16:00:00,656.13,8/18/2015 16:00:00,535.02,8/18/2015 16:00:00,29.13,1220.28
8/19/2015 16:00:00,660.9,8/19/2015 16:00:00,532.92,8/19/2015 16:00:00,28.75,1222.57
8/20/2015 16:00:00,646.83,8/20/2015 16:00:00,515.78,8/20/2015 16:00:00,28.16,1190.77
8/21/2015 16:00:00,612.48,8/21/2015 16:00:00,494.47,8/21/2015 16:00:00,26.44,1133.39
8/24/2015 16:00:00,589.61,8/24/2015 16:00:00,463.37,8/24/2015 16:00:00,25.78,1078.76
8/25/2015 16:00:00,582.06,8/25/2015 16:00:00,466.37,8/25/2015 16:00:00,25.94,1074.37
8/26/2015 16:00:00,628.62,8/26/2015 16:00:00,500.77,8/26/2015 16:00:00,27.42,1156.81
8/27/2015 16:00:00,637.61,8/27/2015 16:00:00,518.37,8/27/2015 16:00:00,28.23,1184.21
8/28/2015 16:00:00,630.38,8/28/2015 16:00:00,518.01,8/28/2015 16:00:00,28.32,1176.71
8/31/2015 16:00:00,618.25,8/31/2015 16:00:00,512.89,8/31/2015 16:00:00,28.19,1159.33
9/1/2015 16:00:00,597.79,9/1/2015 16:00:00,496.54,9/1/2015 16:00:00,26.93,1121.26
9/2/2015 16:00:00,614.34,9/2/2015 16:00:00,510.55,9/2/2015 16:00:00,28.09,1152.98
9/3/2015 16:00:00,606.25,9/3/2015 16:00:00,504.72,9/3/2015 16:00:00,27.59,1138.56
9/4/2015 16:00:00,600.7,9/4/2015 16:00:00,499,9/4/2015 16:00:00,27.32,1127.02
9/8/2015 16:00:00,614.66,9/8/2015 16:00:00,517.54,9/8/2015 16:00:00,28.08,1160.28
9/9/2015 16:00:00,612.72,9/9/2015 16:00:00,516.89,9/9/2015 16:00:00,27.54,1157.15
9/10/2015 16:00:00,621.35,9/10/2015 16:00:00,522.24,9/10/2015 16:00:00,28.14,1171.73
9/11/2015 16:00:00,625.77,9/11/2015 16:00:00,529.44,9/11/2015 16:00:00,28.55,1183.76
9/14/2015 16:00:00,623.24,9/14/2015 16:00:00,521.38,9/14/2015 16:00:00,28.83,1173.45
9/15/2015 16:00:00,635.14,9/15/2015 16:00:00,522.37,9/15/2015 16:00:00,29.07,1186.58
9/16/2015 16:00:00,635.98,9/16/2015 16:00:00,527.39,9/16/2015 16:00:00,29.1,1192.47
9/17/2015 16:00:00,642.9,9/17/2015 16:00:00,538.87,9/17/2015 16:00:00,28.48,1210.25
9/18/2015 16:00:00,629.25,9/18/2015 16:00:00,540.26,9/18/2015 16:00:00,28.36,1197.87
9/21/2015 16:00:00,635.44,9/21/2015 16:00:00,548.39,9/21/2015 16:00:00,28.8,1212.63
9/22/2015 16:00:00,622.69,9/22/2015 16:00:00,538.4,9/22/2015 16:00:00,28.35,1189.44
9/23/2015 16:00:00,622.36,9/23/2015 16:00:00,536.07,9/23/2015 16:00:00,28.58,1187.01
9/24/2015 16:00:00,625.8,9/24/2015 16:00:00,533.75,9/24/2015 16:00:00,28.75,1188.3
9/25/2015 16:00:00,611.97,9/25/2015 16:00:00,524.25,9/25/2015 16:00:00,28.68,1164.9
9/28/2015 16:00:00,594.89,9/28/2015 16:00:00,504.06,9/28/2015 16:00:00,28.11,1127.06
9/29/2015 16:00:00,594.97,9/29/2015 16:00:00,496.07,9/29/2015 16:00:00,27.27,1118.31
9/30/2015 16:00:00,608.42,9/30/2015 16:00:00,511.89,9/30/2015 16:00:00,27.58,1147.89
10/1/2015 16:00:00,611.29,10/1/2015 16:00:00,520.72,10/1/2015 16:00:00,27.4,1159.41
10/2/2015 16:00:00,626.91,10/2/2015 16:00:00,532.54,10/2/2015 16:00:00,27.6,1187.05
10/5/2015 16:00:00,641.47,10/5/2015 16:00:00,543.68,10/5/2015 16:00:00,27.7,1212.85
10/6/2015 16:00:00,645.44,10/6/2015 16:00:00,537.48,10/6/2015 16:00:00,27.83,1210.75
10/7/2015 16:00:00,642.36,10/7/2015 16:00:00,541.94,10/7/2015 16:00:00,27.7,1212
10/8/2015 16:00:00,639.16,10/8/2015 16:00:00,533.16,10/8/2015 16:00:00,27.38,1199.7
10/9/2015 16:00:00,643.61,10/9/2015 16:00:00,539.8,10/9/2015 16:00:00,28.03,1211.44
10/12/2015 16:00:00,646.67,10/12/2015 16:00:00,550.19,10/12/2015 16:00:00,27.9,1224.76
10/13/2015 16:00:00,652.3,10/13/2015 16:00:00,548.9,10/13/2015 16:00:00,27.95,1229.15
10/14/2015 16:00:00,651.16,10/14/2015 16:00:00,544.83,10/14/2015 16:00:00,27.55,1223.54
10/15/2015 16:00:00,661.74,10/15/2015 16:00:00,562.44,10/15/2015 16:00:00,27.97,1252.15
10/16/2015 16:00:00,662.2,10/16/2015 16:00:00,570.76,10/16/2015 16:00:00,27.76,1260.72
10/19/2015 16:00:00,666.1,10/19/2015 16:00:00,573.15,10/19/2015 16:00:00,27.93,1267.18
10/20/2015 16:00:00,650.28,10/20/2015 16:00:00,560.88,10/20/2015 16:00:00,28.44,1239.6
10/21/2015 16:00:00,642.61,10/21/2015 16:00:00,555.77,10/21/2015 16:00:00,28.44,1226.82
10/22/2015 16:00:00,651.79,10/22/2015 16:00:00,563.91,10/22/2015 16:00:00,28.88,1244.58
10/23/2015 16:00:00,702,10/23/2015 16:00:00,599.03,10/23/2015 16:00:00,29.77,1330.8
10/26/2015 16:00:00,712.78,10/26/2015 16:00:00,608.61,10/26/2015 16:00:00,28.82,1350.21
10/27/2015 16:00:00,708.49,10/27/2015 16:00:00,611.01,10/27/2015 16:00:00,28.64,1348.14
10/28/2015 16:00:00,712.95,10/28/2015 16:00:00,617.1,10/28/2015 16:00:00,29.82,1359.87
10/29/2015 16:00:00,716.92,10/29/2015 16:00:00,626.55,10/29/2015 16:00:00,30.13,1373.6
10/30/2015 16:00:00,710.81,10/30/2015 16:00:00,625.9,10/30/2015 16:00:00,29.88,1366.59
11/2/2015 16:00:00,721.11,11/2/2015 16:00:00,628.35,11/2/2015 16:00:00,30.3,1379.76
11/3/2015 16:00:00,722.16,11/3/2015 16:00:00,625.31,11/3/2015 16:00:00,30.64,1378.11
11/4/2015 16:00:00,728.11,11/4/2015 16:00:00,640.95,11/4/2015 16:00:00,30.5,1399.56
11/5/2015 16:00:00,731.25,11/5/2015 16:00:00,655.65,11/5/2015 16:00:00,30.23,1417.13
11/6/2015 16:00:00,733.76,11/6/2015 16:00:00,659.37,11/6/2015 16:00:00,30.27,1423.4
11/9/2015 16:00:00,724.89,11/9/2015 16:00:00,655.49,11/9/2015 16:00:00,30.14,1410.52
11/10/2015 16:00:00,728.32,11/10/2015 16:00:00,659.68,11/10/2015 16:00:00,29.19,1417.19
11/11/2015 16:00:00,735.4,11/11/2015 16:00:00,673.25,11/11/2015 16:00:00,29.03,1437.68
11/12/2015 16:00:00,731.23,11/12/2015 16:00:00,665.6,11/12/2015 16:00:00,28.93,1425.76
11/13/2015 16:00:00,717,11/13/2015 16:00:00,642.35,11/13/2015 16:00:00,28.09,1387.44
11/16/2015 16:00:00,728.96,11/16/2015 16:00:00,647.81,11/16/2015 16:00:00,28.54,1405.31
11/17/2015 16:00:00,725.3,11/17/2015 16:00:00,643.3,11/17/2015 16:00:00,28.42,1397.02
11/18/2015 16:00:00,740,11/18/2015 16:00:00,663.54,11/18/2015 16:00:00,29.32,1432.86
11/19/2015 16:00:00,738.41,11/19/2015 16:00:00,661.27,11/19/2015 16:00:00,29.7,1429.38
11/20/2015 16:00:00,756.6,11/20/2015 16:00:00,668.45,11/20/2015 16:00:00,29.83,1454.88
11/23/2015 16:00:00,755.98,11/23/2015 16:00:00,678.99,11/23/2015 16:00:00,29.44,1464.41
11/24/2015 16:00:00,748.28,11/24/2015 16:00:00,671.15,11/24/2015 16:00:00,29.72,1449.15
11/25/2015 16:00:00,748.15,11/25/2015 16:00:00,675.34,11/25/2015 16:00:00,29.51,1453
11/27/2015 16:00:00,750.26,11/27/2015 16:00:00,673.26,11/27/2015 16:00:00,29.45,1452.97
11/30/2015 16:00:00,742.6,11/30/2015 16:00:00,664.8,11/30/2015 16:00:00,29.58,1436.98
12/1/2015 16:00:00,767.04,12/1/2015 16:00:00,679.06,12/1/2015 16:00:00,29.34,1475.44
12/2/2015 16:00:00,762.38,12/2/2015 16:00:00,676.01,12/2/2015 16:00:00,29.07,1467.46
12/3/2015 16:00:00,752.54,12/3/2015 16:00:00,666.25,12/3/2015 16:00:00,28.8,1447.59
12/4/2015 16:00:00,766.81,12/4/2015 16:00:00,672.64,12/4/2015 16:00:00,29.76,1469.21
12/7/2015 16:00:00,763.25,12/7/2015 16:00:00,669.83,12/7/2015 16:00:00,29.57,1462.65
12/8/2015 16:00:00,762.37,12/8/2015 16:00:00,677.33,12/8/2015 16:00:00,29.56,1469.26
12/9/2015 16:00:00,751.61,12/9/2015 16:00:00,664.79,12/9/2015 16:00:00,28.91,1445.31
12/10/2015 16:00:00,749.46,12/10/2015 16:00:00,662.32,12/10/2015 16:00:00,29.04,1440.82
12/11/2015 16:00:00,738.87,12/11/2015 16:00:00,640.15,12/11/2015 16:00:00,28.3,1407.32
12/14/2015 16:00:00,747.77,12/14/2015 16:00:00,657.91,12/14/2015 16:00:00,28.12,1433.8
12/15/2015 16:00:00,743.4,12/15/2015 16:00:00,658.64,12/15/2015 16:00:00,27.62,1429.66
12/16/2015 16:00:00,758.09,12/16/2015 16:00:00,675.77,12/16/2015 16:00:00,27.84,1461.7
12/17/2015 16:00:00,749.43,12/17/2015 16:00:00,670.65,12/17/2015 16:00:00,27.25,1447.33
12/18/2015 16:00:00,739.31,12/18/2015 16:00:00,664.14,12/18/2015 16:00:00,26.51,1429.96
12/21/2015 16:00:00,747.77,12/21/2015 16:00:00,664.51,12/21/2015 16:00:00,26.83,1439.11
12/22/2015 16:00:00,750,12/22/2015 16:00:00,663.15,12/22/2015 16:00:00,26.81,1439.96
12/23/2015 16:00:00,750.31,12/23/2015 16:00:00,663.7,12/23/2015 16:00:00,27.15,1441.16
12/24/2015 16:00:00,748.4,12/24/2015 16:00:00,662.79,12/24/2015 16:00:00,27.01,1438.2
12/28/2015 16:00:00,762.51,12/28/2015 16:00:00,675.2,12/28/2015 16:00:00,26.71,1464.42
12/29/2015 16:00:00,776.6,12/29/2015 16:00:00,693.97,12/29/2015 16:00:00,27.19,1497.76
12/30/2015 16:00:00,771,12/30/2015 16:00:00,689.07,12/30/2015 16:00:00,26.83,1486.9
12/31/2015 16:00:00,758.88,12/31/2015 16:00:00,675.89,12/31/2015 16:00:00,26.32,1461.09
1/4/2016 16:00:00,741.84,1/4/2016 16:00:00,636.99,1/4/2016 16:00:00,26.34,1405.17
1/5/2016 16:00:00,742.58,1/5/2016 16:00:00,633.79,1/5/2016 16:00:00,25.68,1402.05
1/6/2016 16:00:00,743.62,1/6/2016 16:00:00,632.65,1/6/2016 16:00:00,25.18,1401.45
1/7/2016 16:00:00,726.39,1/7/2016 16:00:00,607.94,1/7/2016 16:00:00,24.11,1358.44
1/8/2016 16:00:00,714.47,1/8/2016 16:00:00,607.05,1/8/2016 16:00:00,24.24,1345.76
1/11/2016 16:00:00,716.03,1/11/2016 16:00:00,617.74,1/11/2016 16:00:00,24.63,1358.4
1/12/2016 16:00:00,726.07,1/12/2016 16:00:00,617.89,1/12/2016 16:00:00,24.99,1368.95
1/13/2016 16:00:00,700.56,1/13/2016 16:00:00,581.81,1/13/2016 16:00:00,24.35,1306.72
1/14/2016 16:00:00,714.72,1/14/2016 16:00:00,593,1/14/2016 16:00:00,24.88,1332.6
1/15/2016 16:00:00,694.45,1/15/2016 16:00:00,570.18,1/15/2016 16:00:00,24.28,1288.91
1/19/2016 16:00:00,701.79,1/19/2016 16:00:00,574.48,1/19/2016 16:00:00,24.17,1300.44
1/20/2016 16:00:00,698.45,1/20/2016 16:00:00,571.77,1/20/2016 16:00:00,24.2,1294.42
1/21/2016 16:00:00,706.59,1/21/2016 16:00:00,575.02,1/21/2016 16:00:00,24.08,1305.69
1/22/2016 16:00:00,725.25,1/22/2016 16:00:00,596.38,1/22/2016 16:00:00,25.36,1346.99
1/25/2016 16:00:00,711.67,1/25/2016 16:00:00,596.53,1/25/2016 16:00:00,24.86,1333.06
1/26/2016 16:00:00,713.04,1/26/2016 16:00:00,601.25,1/26/2016 16:00:00,25,1339.29
1/27/2016 16:00:00,699.99,1/27/2016 16:00:00,583.35,1/27/2016 16:00:00,23.36,1306.7
1/28/2016 16:00:00,730.96,1/28/2016 16:00:00,635.35,1/28/2016 16:00:00,23.52,1389.83
1/29/2016 16:00:00,742.95,1/29/2016 16:00:00,587,1/29/2016 16:00:00,24.34,1354.29
2/1/2016 16:00:00,752,2/1/2016 16:00:00,574.81,2/1/2016 16:00:00,24.11,1350.92
2/2/2016 16:00:00,764.65,2/2/2016 16:00:00,552.1,2/2/2016 16:00:00,23.62,1340.37
2/3/2016 16:00:00,726.95,2/3/2016 16:00:00,531.07,2/3/2016 16:00:00,24.09,1282.11
2/4/2016 16:00:00,708.01,2/4/2016 16:00:00,536.26,2/4/2016 16:00:00,24.15,1268.42
2/5/2016 16:00:00,683.57,2/5/2016 16:00:00,502.13,2/5/2016 16:00:00,23.51,1209.21
2/8/2016 16:00:00,682.74,2/8/2016 16:00:00,488.1,2/8/2016 16:00:00,23.75,1194.59
2/9/2016 16:00:00,678.11,2/9/2016 16:00:00,482.07,2/9/2016 16:00:00,23.75,1183.93
2/10/2016 16:00:00,684.12,2/10/2016 16:00:00,490.48,2/10/2016 16:00:00,23.57,1198.17
2/11/2016 16:00:00,683.11,2/11/2016 16:00:00,503.82,2/11/2016 16:00:00,23.43,1210.36
2/12/2016 16:00:00,682.4,2/12/2016 16:00:00,507.08,2/12/2016 16:00:00,23.5,1212.98
2/16/2016 16:00:00,691,2/16/2016 16:00:00,521.1,2/16/2016 16:00:00,24.16,1236.26
2/17/2016 16:00:00,708.4,2/17/2016 16:00:00,534.1,2/17/2016 16:00:00,24.53,1267.03
2/18/2016 16:00:00,697.35,2/18/2016 16:00:00,525,2/18/2016 16:00:00,24.07,1246.42
2/19/2016 16:00:00,700.91,2/19/2016 16:00:00,534.9,2/19/2016 16:00:00,24.01,1259.82
2/22/2016 16:00:00,706.46,2/22/2016 16:00:00,559.5,2/22/2016 16:00:00,24.22,1290.18
2/23/2016 16:00:00,695.85,2/23/2016 16:00:00,552.94,2/23/2016 16:00:00,23.67,1272.46
2/24/2016 16:00:00,699.56,2/24/2016 16:00:00,554.04,2/24/2016 16:00:00,24.03,1277.63
2/25/2016 16:00:00,705.75,2/25/2016 16:00:00,555.15,2/25/2016 16:00:00,24.19,1285.09
2/26/2016 16:00:00,705.07,2/26/2016 16:00:00,555.23,2/26/2016 16:00:00,24.23,1284.53
2/29/2016 16:00:00,697.77,2/29/2016 16:00:00,552.52,2/29/2016 16:00:00,24.17,1274.46
3/1/2016 16:00:00,718.81,3/1/2016 16:00:00,579.04,3/1/2016 16:00:00,25.13,1322.98
3/2/2016 16:00:00,718.85,3/2/2016 16:00:00,580.21,3/2/2016 16:00:00,25.19,1324.25
3/3/2016 16:00:00,712.42,3/3/2016 16:00:00,577.49,3/3/2016 16:00:00,25.38,1315.29
3/4/2016 16:00:00,710.89,3/4/2016 16:00:00,575.14,3/4/2016 16:00:00,25.75,1311.78
3/7/2016 16:00:00,695.16,3/7/2016 16:00:00,562.8,3/7/2016 16:00:00,25.47,1283.43
3/8/2016 16:00:00,693.97,3/8/2016 16:00:00,560.26,3/8/2016 16:00:00,25.26,1279.49
3/9/2016 16:00:00,705.24,3/9/2016 16:00:00,559.47,3/9/2016 16:00:00,25.28,1289.99
3/10/2016 16:00:00,712.82,3/10/2016 16:00:00,558.93,3/10/2016 16:00:00,25.29,1297.04
3/11/2016 16:00:00,726.82,3/11/2016 16:00:00,569.61,3/11/2016 16:00:00,25.57,1322
3/14/2016 16:00:00,730.49,3/14/2016 16:00:00,573.37,3/14/2016 16:00:00,25.63,1329.49
3/15/2016 16:00:00,728.33,3/15/2016 16:00:00,577.02,3/15/2016 16:00:00,26.15,1331.5
3/16/2016 16:00:00,736.09,3/16/2016 16:00:00,574.27,3/16/2016 16:00:00,26.49,1336.85
3/17/2016 16:00:00,737.78,3/17/2016 16:00:00,559.44,3/17/2016 16:00:00,26.45,1323.67
3/18/2016 16:00:00,737.6,3/18/2016 16:00:00,552.08,3/18/2016 16:00:00,26.48,1316.16
3/21/2016 16:00:00,742.09,3/21/2016 16:00:00,553.98,3/21/2016 16:00:00,26.48,1322.55
3/22/2016 16:00:00,740.75,3/22/2016 16:00:00,560.48,3/22/2016 16:00:00,26.68,1327.91
3/23/2016 16:00:00,738.06,3/23/2016 16:00:00,569.63,3/23/2016 16:00:00,26.53,1334.22
3/24/2016 16:00:00,735.3,3/24/2016 16:00:00,582.95,3/24/2016 16:00:00,26.42,1344.67
3/28/2016 16:00:00,733.53,3/28/2016 16:00:00,579.87,3/28/2016 16:00:00,26.3,1339.7
3/29/2016 16:00:00,744.77,3/29/2016 16:00:00,593.86,3/29/2016 16:00:00,26.92,1365.55
3/30/2016 16:00:00,750.53,3/30/2016 16:00:00,598.69,3/30/2016 16:00:00,27.39,1376.61
3/31/2016 16:00:00,744.95,3/31/2016 16:00:00,593.64,3/31/2016 16:00:00,27.25,1365.84
4/1/2016 16:00:00,749.91,4/1/2016 16:00:00,598.5,4/1/2016 16:00:00,27.5,1375.91
4/4/2016 16:00:00,745.29,4/4/2016 16:00:00,593.19,4/4/2016 16:00:00,27.78,1366.26
4/5/2016 16:00:00,737.8,4/5/2016 16:00:00,586.14,4/5/2016 16:00:00,27.45,1351.39
4/6/2016 16:00:00,745.69,4/6/2016 16:00:00,602.08,4/6/2016 16:00:00,27.74,1375.51
4/7/2016 16:00:00,740.28,4/7/2016 16:00:00,591.43,4/7/2016 16:00:00,27.14,1358.85
4/8/2016 16:00:00,739.15,4/8/2016 16:00:00,594.6,4/8/2016 16:00:00,27.17,1360.92
4/11/2016 16:00:00,736.1,4/11/2016 16:00:00,595.93,4/11/2016 16:00:00,27.26,1359.29
4/12/2016 16:00:00,743.09,4/12/2016 16:00:00,603.17,4/12/2016 16:00:00,27.61,1373.87
4/13/2016 16:00:00,751.72,4/13/2016 16:00:00,614.82,4/13/2016 16:00:00,28.01,1394.55
4/14/2016 16:00:00,753.2,4/14/2016 16:00:00,620.75,4/14/2016 16:00:00,28.03,1401.98
4/15/2016 16:00:00,759,4/15/2016 16:00:00,625.89,4/15/2016 16:00:00,27.46,1412.35
4/18/2016 16:00:00,766.61,4/18/2016 16:00:00,635.35,4/18/2016 16:00:00,26.87,1428.83
4/19/2016 16:00:00,753.93,4/19/2016 16:00:00,627.9,4/19/2016 16:00:00,26.73,1408.56
4/20/2016 16:00:00,752.67,4/20/2016 16:00:00,632.99,4/20/2016 16:00:00,26.78,1412.44
4/21/2016 16:00:00,759.14,4/21/2016 16:00:00,631,4/21/2016 16:00:00,26.49,1416.63
4/22/2016 16:00:00,718.77,4/22/2016 16:00:00,620.5,4/22/2016 16:00:00,26.42,1365.69
4/25/2016 16:00:00,723.15,4/25/2016 16:00:00,626.2,4/25/2016 16:00:00,26.27,1375.62
4/26/2016 16:00:00,708.14,4/26/2016 16:00:00,616.88,4/26/2016 16:00:00,26.09,1351.11
4/27/2016 16:00:00,705.84,4/27/2016 16:00:00,606.57,4/27/2016 16:00:00,24.46,1336.87
4/28/2016 16:00:00,691.02,4/28/2016 16:00:00,602,4/28/2016 16:00:00,23.71,1316.73
4/29/2016 16:00:00,693.01,4/29/2016 16:00:00,659.59,4/29/2016 16:00:00,23.44,1376.04
5/2/2016 16:00:00,698.21,5/2/2016 16:00:00,683.85,5/2/2016 16:00:00,23.41,1405.47
5/3/2016 16:00:00,692.36,5/3/2016 16:00:00,671.32,5/3/2016 16:00:00,23.8,1387.48
5/4/2016 16:00:00,695.7,5/4/2016 16:00:00,670.9,5/4/2016 16:00:00,23.55,1390.15
5/5/2016 16:00:00,701.43,5/5/2016 16:00:00,659.09,5/5/2016 16:00:00,23.31,1383.83
5/6/2016 16:00:00,711.12,5/6/2016 16:00:00,673.95,5/6/2016 16:00:00,23.18,1408.25
5/9/2016 16:00:00,712.9,5/9/2016 16:00:00,679.75,5/9/2016 16:00:00,23.2,1415.85
5/10/2016 16:00:00,723.18,5/10/2016 16:00:00,703.07,5/10/2016 16:00:00,23.36,1449.61
5/11/2016 16:00:00,715.29,5/11/2016 16:00:00,713.23,5/11/2016 16:00:00,23.13,1451.65
5/12/2016 16:00:00,713.31,5/12/2016 16:00:00,717.93,5/12/2016 16:00:00,22.59,1453.83
5/13/2016 16:00:00,710.83,5/13/2016 16:00:00,709.92,5/13/2016 16:00:00,22.63,1443.38
5/16/2016 16:00:00,716.49,5/16/2016 16:00:00,710.66,5/16/2016 16:00:00,23.47,1450.62
5/17/2016 16:00:00,706.23,5/17/2016 16:00:00,695.27,5/17/2016 16:00:00,23.37,1424.87
5/18/2016 16:00:00,706.63,5/18/2016 16:00:00,697.45,5/18/2016 16:00:00,23.64,1427.72
5/19/2016 16:00:00,700.32,5/19/2016 16:00:00,698.52,5/19/2016 16:00:00,23.55,1422.39
5/20/2016 16:00:00,709.74,5/20/2016 16:00:00,702.8,5/20/2016 16:00:00,23.81,1436.35
5/23/2016 16:00:00,704.24,5/23/2016 16:00:00,696.75,5/23/2016 16:00:00,24.11,1425.1
5/24/2016 16:00:00,720.09,5/24/2016 16:00:00,704.2,5/24/2016 16:00:00,24.48,1448.77
5/25/2016 16:00:00,725.27,5/25/2016 16:00:00,708.35,5/25/2016 16:00:00,24.91,1458.53
5/26/2016 16:00:00,724.12,5/26/2016 16:00:00,714.91,5/26/2016 16:00:00,25.1,1464.13
5/27/2016 16:00:00,732.66,5/27/2016 16:00:00,712.24,5/27/2016 16:00:00,25.09,1469.99
5/31/2016 16:00:00,735.72,5/31/2016 16:00:00,722.79,5/31/2016 16:00:00,24.97,1483.48
6/1/2016 16:00:00,734.15,6/1/2016 16:00:00,719.44,6/1/2016 16:00:00,24.62,1478.21
6/2/2016 16:00:00,730.4,6/2/2016 16:00:00,728.24,6/2/2016 16:00:00,24.43,1483.07
6/3/2016 16:00:00,722.34,6/3/2016 16:00:00,725.54,6/3/2016 16:00:00,24.48,1472.36
6/6/2016 16:00:00,716.55,6/6/2016 16:00:00,726.73,6/6/2016 16:00:00,24.66,1467.94
6/7/2016 16:00:00,716.65,6/7/2016 16:00:00,723.74,6/7/2016 16:00:00,24.76,1465.15
6/8/2016 16:00:00,728.28,6/8/2016 16:00:00,726.64,6/8/2016 16:00:00,24.74,1479.66
6/9/2016 16:00:00,728.58,6/9/2016 16:00:00,727.65,6/9/2016 16:00:00,24.91,1481.14
6/10/2016 16:00:00,719.41,6/10/2016 16:00:00,717.91,6/10/2016 16:00:00,24.71,1462.03
6/13/2016 16:00:00,718.36,6/13/2016 16:00:00,715.24,6/13/2016 16:00:00,24.34,1457.94
6/14/2016 16:00:00,718.27,6/14/2016 16:00:00,719.3,6/14/2016 16:00:00,24.37,1461.94
6/15/2016 16:00:00,718.92,6/15/2016 16:00:00,714.26,6/15/2016 16:00:00,24.29,1457.47
6/16/2016 16:00:00,710.36,6/16/2016 16:00:00,717.51,6/16/2016 16:00:00,24.39,1452.26
6/17/2016 16:00:00,691.72,6/17/2016 16:00:00,706.39,6/17/2016 16:00:00,23.83,1421.94
6/20/2016 16:00:00,693.71,6/20/2016 16:00:00,714.01,6/20/2016 16:00:00,23.78,1431.5
6/21/2016 16:00:00,695.94,6/21/2016 16:00:00,715.82,6/21/2016 16:00:00,23.98,1435.74
6/22/2016 16:00:00,697.46,6/22/2016 16:00:00,710.6,6/22/2016 16:00:00,23.89,1431.95
6/23/2016 16:00:00,701.87,6/23/2016 16:00:00,722.08,6/23/2016 16:00:00,24.03,1447.98
6/24/2016 16:00:00,675.22,6/24/2016 16:00:00,698.96,6/24/2016 16:00:00,23.35,1397.53
6/27/2016 16:00:00,668.26,6/27/2016 16:00:00,691.36,6/27/2016 16:00:00,23.01,1382.63
6/28/2016 16:00:00,680.04,6/28/2016 16:00:00,707.95,6/28/2016 16:00:00,23.4,1411.39
6/29/2016 16:00:00,684.11,6/29/2016 16:00:00,715.6,6/29/2016 16:00:00,23.6,1423.31
6/30/2016 16:00:00,692.1,6/30/2016 16:00:00,715.62,6/30/2016 16:00:00,23.9,1431.62
7/1/2016 16:00:00,699.21,7/1/2016 16:00:00,725.68,7/1/2016 16:00:00,23.97,1448.86
7/5/2016 16:00:00,694.49,7/5/2016 16:00:00,728.1,7/5/2016 16:00:00,23.75,1446.34
7/6/2016 16:00:00,697.77,7/6/2016 16:00:00,737.61,7/6/2016 16:00:00,23.88,1459.26
7/7/2016 16:00:00,695.36,7/7/2016 16:00:00,736.57,7/7/2016 16:00:00,23.99,1455.92
7/8/2016 16:00:00,705.63,7/8/2016 16:00:00,745.81,7/8/2016 16:00:00,24.17,1475.61
7/11/2016 16:00:00,715.09,7/11/2016 16:00:00,753.78,7/11/2016 16:00:00,24.25,1493.12
7/12/2016 16:00:00,720.64,7/12/2016 16:00:00,748.21,7/12/2016 16:00:00,24.36,1493.21
7/13/2016 16:00:00,716.98,7/13/2016 16:00:00,742.63,7/13/2016 16:00:00,24.22,1483.83
7/14/2016 16:00:00,720.95,7/14/2016 16:00:00,741.2,7/14/2016 16:00:00,24.7,1486.85
7/15/2016 16:00:00,719.85,7/15/2016 16:00:00,735.44,7/15/2016 16:00:00,24.7,1479.99
7/18/2016 16:00:00,733.78,7/18/2016 16:00:00,736.07,7/18/2016 16:00:00,24.96,1494.81
7/19/2016 16:00:00,736.96,7/19/2016 16:00:00,739.95,7/19/2016 16:00:00,24.97,1501.88
7/20/2016 16:00:00,741.19,7/20/2016 16:00:00,745.72,7/20/2016 16:00:00,24.99,1511.9
7/21/2016 16:00:00,738.63,7/21/2016 16:00:00,744.43,7/21/2016 16:00:00,24.86,1507.92
7/22/2016 16:00:00,742.74,7/22/2016 16:00:00,744.86,7/22/2016 16:00:00,24.67,1512.27
7/25/2016 16:00:00,739.77,7/25/2016 16:00:00,739.61,7/25/2016 16:00:00,24.34,1503.72
7/26/2016 16:00:00,738.42,7/26/2016 16:00:00,735.59,7/26/2016 16:00:00,24.17,1498.18
7/27/2016 16:00:00,741.77,7/27/2016 16:00:00,736.67,7/27/2016 16:00:00,25.74,1504.18
7/28/2016 16:00:00,745.91,7/28/2016 16:00:00,752.61,7/28/2016 16:00:00,26.09,1524.61
7/29/2016 16:00:00,768.79,7/29/2016 16:00:00,758.81,7/29/2016 16:00:00,26.05,1553.65
8/1/2016 16:00:00,772.88,8/1/2016 16:00:00,767.74,8/1/2016 16:00:00,26.51,1567.13
8/2/2016 16:00:00,771.07,8/2/2016 16:00:00,760.58,8/2/2016 16:00:00,26.12,1557.77
8/3/2016 16:00:00,773.18,8/3/2016 16:00:00,754.64,8/3/2016 16:00:00,26.45,1554.27
8/4/2016 16:00:00,771.61,8/4/2016 16:00:00,760.77,8/4/2016 16:00:00,26.47,1558.85
8/5/2016 16:00:00,782.22,8/5/2016 16:00:00,765.98,8/5/2016 16:00:00,26.87,1575.07
8/8/2016 16:00:00,781.76,8/8/2016 16:00:00,766.56,8/8/2016 16:00:00,27.09,1575.41
8/9/2016 16:00:00,784.26,8/9/2016 16:00:00,768.31,8/9/2016 16:00:00,27.2,1579.77
8/10/2016 16:00:00,784.68,8/10/2016 16:00:00,768.56,8/10/2016 16:00:00,27,1580.24
8/11/2016 16:00:00,784.85,8/11/2016 16:00:00,771.24,8/11/2016 16:00:00,26.98,1583.07
8/12/2016 16:00:00,783.22,8/12/2016 16:00:00,772.56,8/12/2016 16:00:00,27.05,1582.83
8/15/2016 16:00:00,782.44,8/15/2016 16:00:00,768.49,8/15/2016 16:00:00,27.37,1578.3
8/16/2016 16:00:00,777.14,8/16/2016 16:00:00,764.04,8/16/2016 16:00:00,27.35,1568.53
8/17/2016 16:00:00,779.91,8/17/2016 16:00:00,764.63,8/17/2016 16:00:00,27.31,1571.85
8/18/2016 16:00:00,777.5,8/18/2016 16:00:00,764.46,8/18/2016 16:00:00,27.27,1569.23
8/19/2016 16:00:00,775.42,8/19/2016 16:00:00,757.31,8/19/2016 16:00:00,27.34,1560.07
8/22/2016 16:00:00,772.15,8/22/2016 16:00:00,759.48,8/22/2016 16:00:00,27.13,1558.76
8/23/2016 16:00:00,772.08,8/23/2016 16:00:00,762.45,8/23/2016 16:00:00,27.21,1561.74
8/24/2016 16:00:00,769.64,8/24/2016 16:00:00,757.25,8/24/2016 16:00:00,27.01,1553.9
8/25/2016 16:00:00,769.41,8/25/2016 16:00:00,759.22,8/25/2016 16:00:00,26.89,1555.52
8/26/2016 16:00:00,769.54,8/26/2016 16:00:00,769,8/26/2016 16:00:00,26.74,1565.28
8/29/2016 16:00:00,772.15,8/29/2016 16:00:00,771.29,8/29/2016 16:00:00,26.71,1570.15
8/30/2016 16:00:00,769.09,8/30/2016 16:00:00,767.58,8/30/2016 16:00:00,26.5,1563.17
8/31/2016 16:00:00,767.05,8/31/2016 16:00:00,769.16,8/31/2016 16:00:00,26.53,1562.74
9/1/2016 16:00:00,768.78,9/1/2016 16:00:00,770.62,9/1/2016 16:00:00,26.68,1566.08
9/2/2016 16:00:00,771.46,9/2/2016 16:00:00,772.44,9/2/2016 16:00:00,26.93,1570.83
9/6/2016 16:00:00,780.08,9/6/2016 16:00:00,788.87,9/6/2016 16:00:00,26.93,1595.88
9/7/2016 16:00:00,780.35,9/7/2016 16:00:00,784.48,9/7/2016 16:00:00,27.09,1591.92
9/8/2016 16:00:00,775.32,9/8/2016 16:00:00,784.06,9/8/2016 16:00:00,26.38,1585.76
9/9/2016 16:00:00,759.66,9/9/2016 16:00:00,760.14,9/9/2016 16:00:00,25.78,1545.58
9/12/2016 16:00:00,769.02,9/12/2016 16:00:00,771.49,9/12/2016 16:00:00,26.36,1566.87
9/13/2016 16:00:00,759.69,9/13/2016 16:00:00,761.01,9/13/2016 16:00:00,26.99,1547.69
9/14/2016 16:00:00,762.49,9/14/2016 16:00:00,761.09,9/14/2016 16:00:00,27.94,1551.52
9/15/2016 16:00:00,771.76,9/15/2016 16:00:00,769.69,9/15/2016 16:00:00,28.89,1570.34
9/16/2016 16:00:00,768.88,9/16/2016 16:00:00,778.52,9/16/2016 16:00:00,28.73,1576.13
9/19/2016 16:00:00,765.7,9/19/2016 16:00:00,775.1,9/19/2016 16:00:00,28.4,1569.2
9/20/2016 16:00:00,771.41,9/20/2016 16:00:00,780.22,9/20/2016 16:00:00,28.39,1580.02
9/21/2016 16:00:00,776.22,9/21/2016 16:00:00,789.74,9/21/2016 16:00:00,28.39,1594.35
9/22/2016 16:00:00,787.21,9/22/2016 16:00:00,804.7,9/22/2016 16:00:00,28.66,1620.57
9/23/2016 16:00:00,786.9,9/23/2016 16:00:00,805.75,9/23/2016 16:00:00,28.18,1620.83
9/26/2016 16:00:00,774.21,9/26/2016 16:00:00,799.16,9/26/2016 16:00:00,28.22,1601.59
9/27/2016 16:00:00,783.01,9/27/2016 16:00:00,816.11,9/27/2016 16:00:00,28.27,1627.39
9/28/2016 16:00:00,781.56,9/28/2016 16:00:00,828.72,9/28/2016 16:00:00,28.49,1638.77
9/29/2016 16:00:00,775.01,9/29/2016 16:00:00,829.05,9/29/2016 16:00:00,28.05,1632.11
9/30/2016 16:00:00,777.29,9/30/2016 16:00:00,837.31,9/30/2016 16:00:00,28.26,1642.86
10/3/2016 16:00:00,772.56,10/3/2016 16:00:00,836.74,10/3/2016 16:00:00,28.13,1637.43
10/4/2016 16:00:00,776.43,10/4/2016 16:00:00,834.03,10/4/2016 16:00:00,28.25,1638.71
10/5/2016 16:00:00,776.47,10/5/2016 16:00:00,844.36,10/5/2016 16:00:00,28.26,1649.09
10/6/2016 16:00:00,776.86,10/6/2016 16:00:00,841.66,10/6/2016 16:00:00,28.47,1646.99
10/7/2016 16:00:00,775.08,10/7/2016 16:00:00,839.43,10/7/2016 16:00:00,28.52,1643.03
10/10/2016 16:00:00,785.94,10/10/2016 16:00:00,841.71,10/10/2016 16:00:00,29.01,1656.66
10/11/2016 16:00:00,783.07,10/11/2016 16:00:00,831,10/11/2016 16:00:00,29.08,1643.15
10/12/2016 16:00:00,786.14,10/12/2016 16:00:00,834.09,10/12/2016 16:00:00,29.34,1649.57
10/13/2016 16:00:00,778.19,10/13/2016 16:00:00,829.28,10/13/2016 16:00:00,29.25,1636.72
10/14/2016 16:00:00,778.53,10/14/2016 16:00:00,822.96,10/14/2016 16:00:00,29.41,1630.9
10/17/2016 16:00:00,779.96,10/17/2016 16:00:00,812.95,10/17/2016 16:00:00,29.39,1622.3
10/18/2016 16:00:00,795.26,10/18/2016 16:00:00,817.65,10/18/2016 16:00:00,29.37,1642.28
10/19/2016 16:00:00,801.56,10/19/2016 16:00:00,817.69,10/19/2016 16:00:00,29.28,1648.53
10/20/2016 16:00:00,796.97,10/20/2016 16:00:00,810.32,10/20/2016 16:00:00,29.27,1636.56
10/21/2016 16:00:00,799.37,10/21/2016 16:00:00,818.99,10/21/2016 16:00:00,29.15,1647.51
10/24/2016 16:00:00,813.11,10/24/2016 16:00:00,838.09,10/24/2016 16:00:00,29.41,1680.61
10/25/2016 16:00:00,807.67,10/25/2016 16:00:00,835.18,10/25/2016 16:00:00,29.56,1672.41
10/26/2016 16:00:00,799.07,10/26/2016 16:00:00,822.59,10/26/2016 16:00:00,28.9,1650.56
10/27/2016 16:00:00,795.35,10/27/2016 16:00:00,818.36,10/27/2016 16:00:00,28.62,1642.33
10/28/2016 16:00:00,795.37,10/28/2016 16:00:00,776.32,10/28/2016 16:00:00,28.43,1600.12
10/31/2016 16:00:00,784.54,10/31/2016 16:00:00,789.82,10/31/2016 16:00:00,28.39,1602.75
11/1/2016 16:00:00,783.61,11/1/2016 16:00:00,785.41,11/1/2016 16:00:00,27.87,1596.89
11/2/2016 16:00:00,768.7,11/2/2016 16:00:00,765.56,11/2/2016 16:00:00,27.9,1562.16
11/3/2016 16:00:00,762.13,11/3/2016 16:00:00,767.03,11/3/2016 16:00:00,27.46,1556.62
11/4/2016 16:00:00,762.02,11/4/2016 16:00:00,755.05,11/4/2016 16:00:00,27.21,1544.28
11/7/2016 16:00:00,782.52,11/7/2016 16:00:00,784.93,11/7/2016 16:00:00,27.6,1595.05
11/8/2016 16:00:00,790.51,11/8/2016 16:00:00,787.75,11/8/2016 16:00:00,27.77,1606.03
11/9/2016 16:00:00,785.31,11/9/2016 16:00:00,771.88,11/9/2016 16:00:00,27.72,1584.91
11/10/2016 16:00:00,762.56,11/10/2016 16:00:00,742.38,11/10/2016 16:00:00,26.95,1531.89
11/11/2016 16:00:00,754.02,11/11/2016 16:00:00,739.01,11/11/2016 16:00:00,27.11,1520.14
11/14/2016 16:00:00,736.08,11/14/2016 16:00:00,719.07,11/14/2016 16:00:00,26.43,1481.58
11/15/2016 16:00:00,758.49,11/15/2016 16:00:00,743.24,11/15/2016 16:00:00,26.78,1528.51
11/16/2016 16:00:00,764.48,11/16/2016 16:00:00,746.49,11/16/2016 16:00:00,27.5,1538.47
11/17/2016 16:00:00,771.23,11/17/2016 16:00:00,756.4,11/17/2016 16:00:00,27.49,1555.12
11/18/2016 16:00:00,760.54,11/18/2016 16:00:00,760.16,11/18/2016 16:00:00,27.52,1548.22
11/21/2016 16:00:00,769.2,11/21/2016 16:00:00,780,11/21/2016 16:00:00,27.93,1577.13
11/22/2016 16:00:00,768.27,11/22/2016 16:00:00,785.33,11/22/2016 16:00:00,27.95,1581.55
11/23/2016 16:00:00,760.99,11/23/2016 16:00:00,780.12,11/23/2016 16:00:00,27.81,1568.92
11/25/2016 16:00:00,761.68,11/25/2016 16:00:00,780.37,11/25/2016 16:00:00,27.95,1570
11/28/2016 16:00:00,768.24,11/28/2016 16:00:00,766.77,11/28/2016 16:00:00,27.89,1562.9
11/29/2016 16:00:00,770.84,11/29/2016 16:00:00,762.52,11/29/2016 16:00:00,27.87,1561.23
11/30/2016 16:00:00,758.04,11/30/2016 16:00:00,750.57,11/30/2016 16:00:00,27.63,1536.24
12/1/2016 16:00:00,747.92,12/1/2016 16:00:00,743.65,12/1/2016 16:00:00,27.37,1518.94
12/2/2016 16:00:00,750.5,12/2/2016 16:00:00,740.34,12/2/2016 16:00:00,27.48,1518.32
12/5/2016 16:00:00,762.52,12/5/2016 16:00:00,759.36,12/5/2016 16:00:00,27.28,1549.16
12/6/2016 16:00:00,759.11,12/6/2016 16:00:00,764.72,12/6/2016 16:00:00,27.49,1551.32
12/7/2016 16:00:00,771.19,12/7/2016 16:00:00,770.42,12/7/2016 16:00:00,27.76,1569.37
12/8/2016 16:00:00,776.42,12/8/2016 16:00:00,767.33,12/8/2016 16:00:00,28.03,1571.78
12/9/2016 16:00:00,789.29,12/9/2016 16:00:00,768.66,12/9/2016 16:00:00,28.49,1586.44
12/12/2016 16:00:00,789.27,12/12/2016 16:00:00,760.12,12/12/2016 16:00:00,28.33,1577.72
12/13/2016 16:00:00,796.1,12/13/2016 16:00:00,774.34,12/13/2016 16:00:00,28.8,1599.24
12/14/2016 16:00:00,797.07,12/14/2016 16:00:00,768.82,12/14/2016 16:00:00,28.8,1594.69
12/15/2016 16:00:00,797.85,12/15/2016 16:00:00,761,12/15/2016 16:00:00,28.96,1587.81
12/16/2016 16:00:00,790.8,12/16/2016 16:00:00,757.77,12/16/2016 16:00:00,28.99,1577.56
12/19/2016 16:00:00,794.2,12/19/2016 16:00:00,766,12/19/2016 16:00:00,29.16,1589.36
12/20/2016 16:00:00,796.42,12/20/2016 16:00:00,771.22,12/20/2016 16:00:00,29.24,1596.88
12/21/2016 16:00:00,794.56,12/21/2016 16:00:00,770.6,12/21/2016 16:00:00,29.27,1594.43
12/22/2016 16:00:00,791.26,12/22/2016 16:00:00,766.34,12/22/2016 16:00:00,29.07,1586.67
12/23/2016 16:00:00,789.91,12/23/2016 16:00:00,760.59,12/23/2016 16:00:00,29.13,1579.63
12/27/2016 16:00:00,791.55,12/27/2016 16:00:00,771.4,12/27/2016 16:00:00,29.32,1592.27
12/28/2016 16:00:00,785.05,12/28/2016 16:00:00,772.13,12/28/2016 16:00:00,29.19,1586.37
12/29/2016 16:00:00,782.79,12/29/2016 16:00:00,765.15,12/29/2016 16:00:00,29.18,1577.12
12/30/2016 16:00:00,771.82,12/30/2016 16:00:00,749.87,12/30/2016 16:00:00,28.96,1550.65
1/3/2017 16:00:00,786.14,1/3/2017 16:00:00,753.67,1/3/2017 16:00:00,29.04,1568.85
1/4/2017 16:00:00,786.9,1/4/2017 16:00:00,757.18,1/4/2017 16:00:00,29.01,1573.09
1/5/2017 16:00:00,794.02,1/5/2017 16:00:00,780.45,1/5/2017 16:00:00,29.15,1603.62
1/6/2017 16:00:00,806.15,1/6/2017 16:00:00,795.99,1/6/2017 16:00:00,29.48,1631.62
1/9/2017 16:00:00,806.65,1/9/2017 16:00:00,796.92,1/9/2017 16:00:00,29.75,1633.32
1/10/2017 16:00:00,804.79,1/10/2017 16:00:00,795.9,1/10/2017 16:00:00,29.78,1630.47
1/11/2017 16:00:00,807.91,1/11/2017 16:00:00,799.02,1/11/2017 16:00:00,29.94,1636.87
1/12/2017 16:00:00,806.36,1/12/2017 16:00:00,813.64,1/12/2017 16:00:00,29.81,1649.81
1/13/2017 16:00:00,807.88,1/13/2017 16:00:00,817.14,1/13/2017 16:00:00,29.76,1654.78
1/17/2017 16:00:00,804.61,1/17/2017 16:00:00,809.72,1/17/2017 16:00:00,30,1644.33
1/18/2017 16:00:00,806.07,1/18/2017 16:00:00,807.48,1/18/2017 16:00:00,30,1643.55
1/19/2017 16:00:00,802.18,1/19/2017 16:00:00,809.04,1/19/2017 16:00:00,29.95,1641.17
1/20/2017 16:00:00,805.02,1/20/2017 16:00:00,808.33,1/20/2017 16:00:00,30,1643.35
1/23/2017 16:00:00,819.31,1/23/2017 16:00:00,817.88,1/23/2017 16:00:00,30.02,1667.21
1/24/2017 16:00:00,823.87,1/24/2017 16:00:00,822.44,1/24/2017 16:00:00,29.99,1676.3
1/25/2017 16:00:00,835.67,1/25/2017 16:00:00,836.52,1/25/2017 16:00:00,30.47,1702.66
1/26/2017 16:00:00,832.15,1/26/2017 16:00:00,839.15,1/26/2017 16:00:00,30.49,1701.79
1/27/2017 16:00:00,823.31,1/27/2017 16:00:00,835.77,1/27/2017 16:00:00,30.49,1689.57
1/30/2017 16:00:00,802.32,1/30/2017 16:00:00,830.38,1/30/2017 16:00:00,30.41,1663.11
1/31/2017 16:00:00,796.79,1/31/2017 16:00:00,823.48,1/31/2017 16:00:00,30.34,1650.61
2/1/2017 16:00:00,795.7,2/1/2017 16:00:00,832.35,2/1/2017 16:00:00,32.19,1660.24
2/2/2017 16:00:00,798.53,2/2/2017 16:00:00,839.95,2/2/2017 16:00:00,32.13,1670.61
2/3/2017 16:00:00,801.49,2/3/2017 16:00:00,810.2,2/3/2017 16:00:00,32.27,1643.96
2/6/2017 16:00:00,801.34,2/6/2017 16:00:00,807.64,2/6/2017 16:00:00,32.57,1641.55
2/7/2017 16:00:00,806.97,2/7/2017 16:00:00,812.5,2/7/2017 16:00:00,32.88,1652.35
2/8/2017 16:00:00,808.38,2/8/2017 16:00:00,819.71,2/8/2017 16:00:00,33.01,1661.1
2/9/2017 16:00:00,809.56,2/9/2017 16:00:00,821.36,2/9/2017 16:00:00,33.1,1664.02
2/10/2017 16:00:00,813.67,2/10/2017 16:00:00,827.46,2/10/2017 16:00:00,33.03,1674.16
2/13/2017 16:00:00,819.24,2/13/2017 16:00:00,836.53,2/13/2017 16:00:00,33.32,1689.09
2/14/2017 16:00:00,820.45,2/14/2017 16:00:00,836.39,2/14/2017 16:00:00,33.76,1690.6
2/15/2017 16:00:00,818.98,2/15/2017 16:00:00,842.7,2/15/2017 16:00:00,33.88,1695.56
2/16/2017 16:00:00,824.16,2/16/2017 16:00:00,844.14,2/16/2017 16:00:00,33.84,1702.14
2/17/2017 16:00:00,828.07,2/17/2017 16:00:00,845.07,2/17/2017 16:00:00,33.93,1707.07
2/21/2017 16:00:00,831.66,2/21/2017 16:00:00,856.44,2/21/2017 16:00:00,34.17,1722.27
2/22/2017 16:00:00,830.76,2/22/2017 16:00:00,855.61,2/22/2017 16:00:00,34.28,1720.65
2/23/2017 16:00:00,831.33,2/23/2017 16:00:00,852.19,2/23/2017 16:00:00,34.13,1717.65
2/24/2017 16:00:00,828.64,2/24/2017 16:00:00,845.24,2/24/2017 16:00:00,34.17,1708.05
2/27/2017 16:00:00,829.28,2/27/2017 16:00:00,848.64,2/27/2017 16:00:00,34.23,1712.15
2/28/2017 16:00:00,823.21,2/28/2017 16:00:00,845.04,2/28/2017 16:00:00,34.25,1702.5
3/1/2017 16:00:00,835.24,3/1/2017 16:00:00,853.08,3/1/2017 16:00:00,34.95,1723.27
3/2/2017 16:00:00,830.63,3/2/2017 16:00:00,848.91,3/2/2017 16:00:00,34.74,1714.28
3/3/2017 16:00:00,829.08,3/3/2017 16:00:00,849.88,3/3/2017 16:00:00,34.95,1713.91
3/6/2017 16:00:00,827.78,3/6/2017 16:00:00,846.61,3/6/2017 16:00:00,34.84,1709.23
3/7/2017 16:00:00,831.91,3/7/2017 16:00:00,846.02,3/7/2017 16:00:00,34.88,1712.81
3/8/2017 16:00:00,835.37,3/8/2017 16:00:00,850.5,3/8/2017 16:00:00,34.75,1720.62
3/9/2017 16:00:00,838.68,3/9/2017 16:00:00,853,3/9/2017 16:00:00,34.67,1726.35
3/10/2017 16:00:00,843.25,3/10/2017 16:00:00,852.46,3/10/2017 16:00:00,34.78,1730.49
3/13/2017 16:00:00,845.54,3/13/2017 16:00:00,854.59,3/13/2017 16:00:00,34.8,1734.93
3/14/2017 16:00:00,845.62,3/14/2017 16:00:00,852.53,3/14/2017 16:00:00,34.75,1732.9
3/15/2017 16:00:00,847.2,3/15/2017 16:00:00,852.97,3/15/2017 16:00:00,35.12,1735.29
3/16/2017 16:00:00,848.78,3/16/2017 16:00:00,853.42,3/16/2017 16:00:00,35.17,1737.37
3/17/2017 16:00:00,852.12,3/17/2017 16:00:00,852.31,3/17/2017 16:00:00,35,1739.43
3/20/2017 16:00:00,848.4,3/20/2017 16:00:00,856.97,3/20/2017 16:00:00,35.37,1740.74
3/21/2017 16:00:00,830.46,3/21/2017 16:00:00,843.2,3/21/2017 16:00:00,34.96,1708.62
3/22/2017 16:00:00,829.59,3/22/2017 16:00:00,848.06,3/22/2017 16:00:00,35.35,1713
3/23/2017 16:00:00,817.58,3/23/2017 16:00:00,847.38,3/23/2017 16:00:00,35.23,1700.19
3/24/2017 16:00:00,814.43,3/24/2017 16:00:00,845.61,3/24/2017 16:00:00,35.16,1695.2
3/27/2017 16:00:00,819.51,3/27/2017 16:00:00,846.82,3/27/2017 16:00:00,35.22,1701.55
3/28/2017 16:00:00,820.92,3/28/2017 16:00:00,856,3/28/2017 16:00:00,35.95,1712.87
3/29/2017 16:00:00,831.41,3/29/2017 16:00:00,874.32,3/29/2017 16:00:00,36.03,1741.76
3/30/2017 16:00:00,831.5,3/30/2017 16:00:00,876.34,3/30/2017 16:00:00,35.98,1743.82
3/31/2017 16:00:00,829.56,3/31/2017 16:00:00,886.54,3/31/2017 16:00:00,35.92,1752.02
4/3/2017 16:00:00,838.55,4/3/2017 16:00:00,891.51,4/3/2017 16:00:00,35.92,1765.98
4/4/2017 16:00:00,834.57,4/4/2017 16:00:00,906.83,4/4/2017 16:00:00,36.19,1777.59
4/5/2017 16:00:00,831.41,4/5/2017 16:00:00,909.28,4/5/2017 16:00:00,36.01,1776.7
4/6/2017 16:00:00,827.88,4/6/2017 16:00:00,898.28,4/6/2017 16:00:00,35.92,1762.08
4/7/2017 16:00:00,824.67,4/7/2017 16:00:00,894.88,4/7/2017 16:00:00,35.84,1755.39
4/10/2017 16:00:00,824.73,4/10/2017 16:00:00,907.04,4/10/2017 16:00:00,35.79,1767.56
4/11/2017 16:00:00,823.35,4/11/2017 16:00:00,902.36,4/11/2017 16:00:00,35.41,1761.12
4/12/2017 16:00:00,824.32,4/12/2017 16:00:00,896.23,4/12/2017 16:00:00,35.45,1756
4/13/2017 16:00:00,823.56,4/13/2017 16:00:00,884.67,4/13/2017 16:00:00,35.26,1743.49
4/17/2017 16:00:00,837.17,4/17/2017 16:00:00,901.99,4/17/2017 16:00:00,35.46,1774.62
4/18/2017 16:00:00,836.82,4/18/2017 16:00:00,903.78,4/18/2017 16:00:00,35.3,1775.9
4/19/2017 16:00:00,838.21,4/19/2017 16:00:00,899.2,4/19/2017 16:00:00,35.17,1772.58
4/20/2017 16:00:00,841.65,4/20/2017 16:00:00,902.06,4/20/2017 16:00:00,35.61,1779.32
4/21/2017 16:00:00,843.19,4/21/2017 16:00:00,898.53,4/21/2017 16:00:00,35.57,1777.29
4/24/2017 16:00:00,862.76,4/24/2017 16:00:00,907.41,4/24/2017 16:00:00,35.91,1806.08
4/25/2017 16:00:00,872.3,4/25/2017 16:00:00,907.62,4/25/2017 16:00:00,36.13,1816.05
4/26/2017 16:00:00,871.73,4/26/2017 16:00:00,909.29,4/26/2017 16:00:00,35.92,1816.94
4/27/2017 16:00:00,874.25,4/27/2017 16:00:00,918.38,4/27/2017 16:00:00,35.95,1828.58
4/28/2017 16:00:00,905.96,4/28/2017 16:00:00,924.99,4/28/2017 16:00:00,35.91,1866.86
5/1/2017 16:00:00,912.57,5/1/2017 16:00:00,948.23,5/1/2017 16:00:00,36.65,1897.45
5/2/2017 16:00:00,916.44,5/2/2017 16:00:00,946.94,5/2/2017 16:00:00,36.88,1900.26
5/3/2017 16:00:00,927.04,5/3/2017 16:00:00,941.03,5/3/2017 16:00:00,36.77,1904.84
5/4/2017 16:00:00,931.66,5/4/2017 16:00:00,937.53,5/4/2017 16:00:00,36.63,1905.82
5/5/2017 16:00:00,927.13,5/5/2017 16:00:00,934.15,5/5/2017 16:00:00,37.24,1898.52
5/8/2017 16:00:00,934.3,5/8/2017 16:00:00,949.04,5/8/2017 16:00:00,38.25,1921.59
5/9/2017 16:00:00,932.17,5/9/2017 16:00:00,952.82,5/9/2017 16:00:00,38.5,1923.49
5/10/2017 16:00:00,928.78,5/10/2017 16:00:00,948.95,5/10/2017 16:00:00,38.32,1916.05
5/11/2017 16:00:00,930.6,5/11/2017 16:00:00,947.62,5/11/2017 16:00:00,38.49,1916.71
5/12/2017 16:00:00,932.22,5/12/2017 16:00:00,961.35,5/12/2017 16:00:00,39.03,1932.6
5/15/2017 16:00:00,937.08,5/15/2017 16:00:00,957.97,5/15/2017 16:00:00,38.92,1933.97
5/16/2017 16:00:00,943,5/16/2017 16:00:00,966.07,5/16/2017 16:00:00,38.87,1947.94
5/17/2017 16:00:00,919.62,5/17/2017 16:00:00,944.76,5/17/2017 16:00:00,37.56,1901.94
5/18/2017 16:00:00,930.24,5/18/2017 16:00:00,958.49,5/18/2017 16:00:00,38.14,1926.87
5/19/2017 16:00:00,934.01,5/19/2017 16:00:00,959.84,5/19/2017 16:00:00,38.27,1932.12
5/22/2017 16:00:00,941.86,5/22/2017 16:00:00,970.67,5/22/2017 16:00:00,38.5,1951.03
5/23/2017 16:00:00,948.82,5/23/2017 16:00:00,971.54,5/23/2017 16:00:00,38.45,1958.81
5/24/2017 16:00:00,954.96,5/24/2017 16:00:00,980.35,5/24/2017 16:00:00,38.34,1973.65
5/25/2017 16:00:00,969.54,5/25/2017 16:00:00,993.38,5/25/2017 16:00:00,38.47,2001.39
5/26/2017 16:00:00,971.47,5/26/2017 16:00:00,995.78,5/26/2017 16:00:00,38.4,2005.65
5/30/2017 16:00:00,975.88,5/30/2017 16:00:00,996.7,5/30/2017 16:00:00,38.42,2011
5/31/2017 16:00:00,964.86,5/31/2017 16:00:00,994.62,5/31/2017 16:00:00,38.19,1997.67
6/1/2017 16:00:00,966.95,6/1/2017 16:00:00,995.95,6/1/2017 16:00:00,38.3,2001.2
6/2/2017 16:00:00,975.6,6/2/2017 16:00:00,1006.73,6/2/2017 16:00:00,38.86,2021.19
6/5/2017 16:00:00,983.68,6/5/2017 16:00:00,1011.34,6/5/2017 16:00:00,38.48,2033.5
6/6/2017 16:00:00,976.57,6/6/2017 16:00:00,1003,6/6/2017 16:00:00,38.61,2018.18
6/7/2017 16:00:00,981.08,6/7/2017 16:00:00,1010.07,6/7/2017 16:00:00,38.84,2029.99
6/8/2017 16:00:00,983.41,6/8/2017 16:00:00,1010.27,6/8/2017 16:00:00,38.75,2032.43
6/9/2017 16:00:00,949.83,6/9/2017 16:00:00,978.31,6/9/2017 16:00:00,37.24,1965.38
6/12/2017 16:00:00,942.9,6/12/2017 16:00:00,964.91,6/12/2017 16:00:00,36.35,1944.16
6/13/2017 16:00:00,953.4,6/13/2017 16:00:00,980.79,6/13/2017 16:00:00,36.65,1970.84
6/14/2017 16:00:00,950.76,6/14/2017 16:00:00,976.47,6/14/2017 16:00:00,36.29,1963.52
6/15/2017 16:00:00,942.31,6/15/2017 16:00:00,964.17,6/15/2017 16:00:00,36.07,1942.55
6/16/2017 16:00:00,939.78,6/16/2017 16:00:00,987.71,6/16/2017 16:00:00,35.57,1963.06
6/19/2017 16:00:00,957.37,6/19/2017 16:00:00,995.17,6/19/2017 16:00:00,36.59,1989.13
6/20/2017 16:00:00,950.63,6/20/2017 16:00:00,992.59,6/20/2017 16:00:00,36.25,1979.47
6/21/2017 16:00:00,959.45,6/21/2017 16:00:00,1002.23,6/21/2017 16:00:00,36.47,1998.15
6/22/2017 16:00:00,957.09,6/22/2017 16:00:00,1001.3,6/22/2017 16:00:00,36.41,1994.8
6/23/2017 16:00:00,965.59,6/23/2017 16:00:00,1003.74,6/23/2017 16:00:00,36.57,2005.9
6/26/2017 16:00:00,952.27,6/26/2017 16:00:00,993.98,6/26/2017 16:00:00,36.46,1982.71
6/27/2017 16:00:00,927.33,6/27/2017 16:00:00,976.78,6/27/2017 16:00:00,35.93,1940.04
6/28/2017 16:00:00,940.49,6/28/2017 16:00:00,990.33,6/28/2017 16:00:00,36.46,1967.28
6/29/2017 16:00:00,917.79,6/29/2017 16:00:00,975.93,6/29/2017 16:00:00,35.92,1929.64
6/30/2017 16:00:00,908.73,6/30/2017 16:00:00,968,6/30/2017 16:00:00,36.01,1912.74
7/3/2017 16:00:00,898.7,7/3/2017 16:00:00,953.66,7/3/2017 16:00:00,35.88,1888.24
7/5/2017 16:00:00,911.71,7/5/2017 16:00:00,971.4,7/5/2017 16:00:00,36.02,1919.13
7/6/2017 16:00:00,906.69,7/6/2017 16:00:00,965.14,7/6/2017 16:00:00,35.68,1907.51
7/7/2017 16:00:00,918.59,7/7/2017 16:00:00,978.76,7/7/2017 16:00:00,36.05,1933.4
7/10/2017 16:00:00,928.8,7/10/2017 16:00:00,996.47,7/10/2017 16:00:00,36.27,1961.54
7/11/2017 16:00:00,930.09,7/11/2017 16:00:00,994.13,7/11/2017 16:00:00,36.38,1960.6
7/12/2017 16:00:00,943.83,7/12/2017 16:00:00,1006.51,7/12/2017 16:00:00,36.44,1986.78
7/13/2017 16:00:00,947.16,7/13/2017 16:00:00,1000.63,7/13/2017 16:00:00,36.94,1984.73
7/14/2017 16:00:00,955.99,7/14/2017 16:00:00,1001.81,7/14/2017 16:00:00,37.26,1995.06
7/17/2017 16:00:00,953.42,7/17/2017 16:00:00,1010.04,7/17/2017 16:00:00,37.39,2000.85
7/18/2017 16:00:00,965.4,7/18/2017 16:00:00,1024.45,7/18/2017 16:00:00,37.52,2027.37
7/19/2017 16:00:00,970.89,7/19/2017 16:00:00,1026.87,7/19/2017 16:00:00,37.76,2035.52
7/20/2017 16:00:00,968.15,7/20/2017 16:00:00,1028.7,7/20/2017 16:00:00,37.59,2034.44
7/21/2017 16:00:00,972.92,7/21/2017 16:00:00,1025.67,7/21/2017 16:00:00,37.57,2036.16
7/24/2017 16:00:00,980.34,7/24/2017 16:00:00,1038.95,7/24/2017 16:00:00,38.02,2057.31
7/25/2017 16:00:00,950.7,7/25/2017 16:00:00,1039.87,7/25/2017 16:00:00,38.19,2028.76
7/26/2017 16:00:00,947.8,7/26/2017 16:00:00,1052.8,7/26/2017 16:00:00,38.37,2038.97
7/27/2017 16:00:00,934.09,7/27/2017 16:00:00,1046,7/27/2017 16:00:00,37.64,2017.73
7/28/2017 16:00:00,941.53,7/28/2017 16:00:00,1020.04,7/28/2017 16:00:00,37.38,1998.95
7/31/2017 16:00:00,930.5,7/31/2017 16:00:00,987.78,7/31/2017 16:00:00,37.18,1955.46
8/1/2017 16:00:00,930.83,8/1/2017 16:00:00,996.19,8/1/2017 16:00:00,37.51,1964.53
8/2/2017 16:00:00,930.39,8/2/2017 16:00:00,995.89,8/2/2017 16:00:00,39.28,1965.56
8/3/2017 16:00:00,923.65,8/3/2017 16:00:00,986.92,8/3/2017 16:00:00,38.89,1949.46
8/4/2017 16:00:00,927.96,8/4/2017 16:00:00,987.58,8/4/2017 16:00:00,39.1,1954.64
8/7/2017 16:00:00,929.36,8/7/2017 16:00:00,992.27,8/7/2017 16:00:00,39.7,1961.33
8/8/2017 16:00:00,926.79,8/8/2017 16:00:00,989.84,8/8/2017 16:00:00,40.02,1956.65
8/9/2017 16:00:00,922.9,8/9/2017 16:00:00,982.01,8/9/2017 16:00:00,40.27,1945.18
8/10/2017 16:00:00,907.24,8/10/2017 16:00:00,956.92,8/10/2017 16:00:00,38.83,1902.99
8/11/2017 16:00:00,914.39,8/11/2017 16:00:00,967.99,8/11/2017 16:00:00,39.37,1921.75
8/14/2017 16:00:00,922.67,8/14/2017 16:00:00,983.3,8/14/2017 16:00:00,39.96,1945.93
8/15/2017 16:00:00,922.22,8/15/2017 16:00:00,982.74,8/15/2017 16:00:00,40.4,1945.36
8/16/2017 16:00:00,926.96,8/16/2017 16:00:00,978.18,8/16/2017 16:00:00,40.24,1945.38
8/17/2017 16:00:00,910.98,8/17/2017 16:00:00,960.57,8/17/2017 16:00:00,39.47,1911.02
8/18/2017 16:00:00,910.67,8/18/2017 16:00:00,958.47,8/18/2017 16:00:00,39.38,1908.52
8/21/2017 16:00:00,906.66,8/21/2017 16:00:00,953.29,8/21/2017 16:00:00,39.3,1899.25
8/22/2017 16:00:00,924.69,8/22/2017 16:00:00,966.9,8/22/2017 16:00:00,39.95,1931.54
8/23/2017 16:00:00,927,8/23/2017 16:00:00,958,8/23/2017 16:00:00,39.99,1924.99
8/24/2017 16:00:00,921.28,8/24/2017 16:00:00,952.45,8/24/2017 16:00:00,39.82,1913.55
8/25/2017 16:00:00,915.89,8/25/2017 16:00:00,945.26,8/25/2017 16:00:00,39.97,1901.12
8/28/2017 16:00:00,913.81,8/28/2017 16:00:00,946.02,8/28/2017 16:00:00,40.37,1900.2
8/29/2017 16:00:00,921.29,8/29/2017 16:00:00,954.06,8/29/2017 16:00:00,40.73,1916.08
8/30/2017 16:00:00,929.57,8/30/2017 16:00:00,967.59,8/30/2017 16:00:00,40.84,1938
8/31/2017 16:00:00,939.33,8/31/2017 16:00:00,980.6,8/31/2017 16:00:00,41,1960.93
9/1/2017 16:00:00,937.34,9/1/2017 16:00:00,978.25,9/1/2017 16:00:00,41.01,1956.6
9/5/2017 16:00:00,928.45,9/5/2017 16:00:00,965.27,9/5/2017 16:00:00,40.52,1934.24
9/6/2017 16:00:00,927.81,9/6/2017 16:00:00,967.8,9/6/2017 16:00:00,40.48,1936.09
9/7/2017 16:00:00,935.95,9/7/2017 16:00:00,979.47,9/7/2017 16:00:00,40.32,1955.74
9/8/2017 16:00:00,926.5,9/8/2017 16:00:00,965.9,9/8/2017 16:00:00,39.66,1932.06
9/11/2017 16:00:00,929.08,9/11/2017 16:00:00,977.96,9/11/2017 16:00:00,40.38,1947.42
9/12/2017 16:00:00,932.07,9/12/2017 16:00:00,982.58,9/12/2017 16:00:00,40.22,1954.87
9/13/2017 16:00:00,935.09,9/13/2017 16:00:00,999.6,9/13/2017 16:00:00,39.91,1974.6
9/14/2017 16:00:00,925.11,9/14/2017 16:00:00,992.21,9/14/2017 16:00:00,39.57,1956.89
9/15/2017 16:00:00,920.29,9/15/2017 16:00:00,986.79,9/15/2017 16:00:00,39.97,1947.05
9/18/2017 16:00:00,915,9/18/2017 16:00:00,974.19,9/18/2017 16:00:00,39.67,1928.86
9/19/2017 16:00:00,921.81,9/19/2017 16:00:00,969.86,9/19/2017 16:00:00,39.68,1931.35
9/20/2017 16:00:00,931.58,9/20/2017 16:00:00,973.21,9/20/2017 16:00:00,39.02,1943.81
9/21/2017 16:00:00,932.45,9/21/2017 16:00:00,964.65,9/21/2017 16:00:00,38.35,1935.45
9/22/2017 16:00:00,928.53,9/22/2017 16:00:00,955.1,9/22/2017 16:00:00,37.97,1921.6
9/25/2017 16:00:00,920.97,9/25/2017 16:00:00,939.79,9/25/2017 16:00:00,37.64,1898.4
9/26/2017 16:00:00,924.86,9/26/2017 16:00:00,938.6,9/26/2017 16:00:00,38.28,1901.74
9/27/2017 16:00:00,944.49,9/27/2017 16:00:00,950.87,9/27/2017 16:00:00,38.56,1933.92
9/28/2017 16:00:00,949.5,9/28/2017 16:00:00,956.4,9/28/2017 16:00:00,38.32,1944.22
9/29/2017 16:00:00,959.11,9/29/2017 16:00:00,961.35,9/29/2017 16:00:00,38.53,1958.99
10/2/2017 16:00:00,953.27,10/2/2017 16:00:00,959.19,10/2/2017 16:00:00,38.45,1950.91
10/3/2017 16:00:00,957.79,10/3/2017 16:00:00,957.1,10/3/2017 16:00:00,38.62,1953.51
10/4/2017 16:00:00,951.68,10/4/2017 16:00:00,965.45,10/4/2017 16:00:00,38.37,1955.5
10/5/2017 16:00:00,969.96,10/5/2017 16:00:00,980.85,10/5/2017 16:00:00,38.85,1989.66
10/6/2017 16:00:00,978.89,10/6/2017 16:00:00,989.58,10/6/2017 16:00:00,38.83,2007.3
10/9/2017 16:00:00,977,10/9/2017 16:00:00,990.99,10/9/2017 16:00:00,38.96,2006.95
10/10/2017 16:00:00,972.6,10/10/2017 16:00:00,987.2,10/10/2017 16:00:00,38.98,1998.78
10/11/2017 16:00:00,989.25,10/11/2017 16:00:00,995,10/11/2017 16:00:00,39.14,2023.39
10/12/2017 16:00:00,987.83,10/12/2017 16:00:00,1000.93,10/12/2017 16:00:00,39,2027.76
10/13/2017 16:00:00,989.68,10/13/2017 16:00:00,1002.94,10/13/2017 16:00:00,39.25,2031.87
10/16/2017 16:00:00,992,10/16/2017 16:00:00,1006.34,10/16/2017 16:00:00,39.97,2038.31
10/17/2017 16:00:00,992.18,10/17/2017 16:00:00,1009.13,10/17/2017 16:00:00,40.12,2041.43
10/18/2017 16:00:00,992.81,10/18/2017 16:00:00,997,10/18/2017 16:00:00,39.94,2029.75
10/19/2017 16:00:00,984.45,10/19/2017 16:00:00,986.61,10/19/2017 16:00:00,38.99,2010.05
10/20/2017 16:00:00,988.2,10/20/2017 16:00:00,982.91,10/20/2017 16:00:00,39.06,2010.17
10/23/2017 16:00:00,968.45,10/23/2017 16:00:00,966.3,10/23/2017 16:00:00,39.04,1973.79
10/24/2017 16:00:00,970.54,10/24/2017 16:00:00,975.9,10/24/2017 16:00:00,39.28,1985.72
10/25/2017 16:00:00,973.33,10/25/2017 16:00:00,972.91,10/25/2017 16:00:00,39.1,1985.34
10/26/2017 16:00:00,972.56,10/26/2017 16:00:00,972.43,10/26/2017 16:00:00,39.35,1984.34
10/27/2017 16:00:00,1019.27,10/27/2017 16:00:00,1100.95,10/27/2017 16:00:00,40.76,2160.98
10/30/2017 16:00:00,1017.11,10/30/2017 16:00:00,1110.85,10/30/2017 16:00:00,41.68,2169.64
10/31/2017 16:00:00,1016.64,10/31/2017 16:00:00,1105.28,10/31/2017 16:00:00,42.26,2164.18
11/1/2017 16:00:00,1025.5,11/1/2017 16:00:00,1103.68,11/1/2017 16:00:00,41.72,2170.9
11/2/2017 16:00:00,1025.58,11/2/2017 16:00:00,1094.22,11/2/2017 16:00:00,42.03,2161.83
11/3/2017 16:00:00,1032.48,11/3/2017 16:00:00,1111.6,11/3/2017 16:00:00,43.13,2187.21
11/6/2017 16:00:00,1025.9,11/6/2017 16:00:00,1120.66,11/6/2017 16:00:00,43.56,2190.12
11/7/2017 16:00:00,1033.33,11/7/2017 16:00:00,1123.17,11/7/2017 16:00:00,43.7,2200.2
11/8/2017 16:00:00,1039.85,11/8/2017 16:00:00,1132.88,11/8/2017 16:00:00,44.06,2216.79
11/9/2017 16:00:00,1031.26,11/9/2017 16:00:00,1129.13,11/9/2017 16:00:00,43.97,2204.36
11/10/2017 16:00:00,1028.07,11/10/2017 16:00:00,1125.35,11/10/2017 16:00:00,43.67,2197.09
11/13/2017 16:00:00,1025.75,11/13/2017 16:00:00,1129.17,11/13/2017 16:00:00,43.49,2198.41
11/14/2017 16:00:00,1026,11/14/2017 16:00:00,1136.84,11/14/2017 16:00:00,42.84,2205.68
11/15/2017 16:00:00,1020.91,11/15/2017 16:00:00,1126.69,11/15/2017 16:00:00,42.27,2189.87
11/16/2017 16:00:00,1032.5,11/16/2017 16:00:00,1137.29,11/16/2017 16:00:00,42.78,2212.57
11/17/2017 16:00:00,1019.09,11/17/2017 16:00:00,1129.88,11/17/2017 16:00:00,42.54,2191.51
11/20/2017 16:00:00,1018.38,11/20/2017 16:00:00,1126.31,11/20/2017 16:00:00,42.5,2187.19
11/21/2017 16:00:00,1034.49,11/21/2017 16:00:00,1139.49,11/21/2017 16:00:00,43.29,2217.27
11/22/2017 16:00:00,1035.96,11/22/2017 16:00:00,1156.16,11/22/2017 16:00:00,43.74,2235.86
11/24/2017 13:00:00,1040.61,11/24/2017 13:00:00,1186,11/24/2017 13:00:00,43.74,2270.35
11/27/2017 16:00:00,1054.21,11/27/2017 16:00:00,1195.83,11/27/2017 16:00:00,43.52,2293.56
11/28/2017 16:00:00,1047.41,11/28/2017 16:00:00,1193.6,11/28/2017 16:00:00,43.27,2284.28
11/29/2017 16:00:00,1021.66,11/29/2017 16:00:00,1161.27,11/29/2017 16:00:00,42.37,2225.3
11/30/2017 16:00:00,1021.41,11/30/2017 16:00:00,1176.75,11/30/2017 16:00:00,42.96,2241.12
12/1/2017 16:00:00,1010.17,12/1/2017 16:00:00,1162.35,12/1/2017 16:00:00,42.76,2215.28
12/4/2017 16:00:00,998.68,12/4/2017 16:00:00,1133.95,12/4/2017 16:00:00,42.45,2175.08
12/5/2017 16:00:00,1005.15,12/5/2017 16:00:00,1141.57,12/5/2017 16:00:00,42.41,2189.13
12/6/2017 16:00:00,1018.38,12/6/2017 16:00:00,1152.35,12/6/2017 16:00:00,42.25,2212.98
12/7/2017 16:00:00,1030.93,12/7/2017 16:00:00,1159.79,12/7/2017 16:00:00,42.33,2233.05
12/8/2017 16:00:00,1037.05,12/8/2017 16:00:00,1162,12/8/2017 16:00:00,42.34,2241.39
12/11/2017 16:00:00,1041.1,12/11/2017 16:00:00,1168.92,12/11/2017 16:00:00,43.17,2253.19
12/12/2017 16:00:00,1040.48,12/12/2017 16:00:00,1165.08,12/12/2017 16:00:00,42.93,2248.49
12/13/2017 16:00:00,1040.61,12/13/2017 16:00:00,1164.13,12/13/2017 16:00:00,43.07,2247.81
12/14/2017 16:00:00,1049.15,12/14/2017 16:00:00,1174.26,12/14/2017 16:00:00,43.06,2266.47
12/15/2017 16:00:00,1064.19,12/15/2017 16:00:00,1179.14,12/15/2017 16:00:00,43.49,2286.82
12/18/2017 16:00:00,1077.14,12/18/2017 16:00:00,1190.58,12/18/2017 16:00:00,44.11,2311.83
12/19/2017 16:00:00,1070.68,12/19/2017 16:00:00,1187.38,12/19/2017 16:00:00,43.64,2301.7
12/20/2017 16:00:00,1064.95,12/20/2017 16:00:00,1177.62,12/20/2017 16:00:00,43.59,2286.16
12/21/2017 16:00:00,1063.63,12/21/2017 16:00:00,1174.76,12/21/2017 16:00:00,43.75,2282.14
12/22/2017 16:00:00,1060.12,12/22/2017 16:00:00,1168.36,12/22/2017 16:00:00,43.75,2272.23
12/26/2017 16:00:00,1056.74,12/26/2017 16:00:00,1176.76,12/26/2017 16:00:00,42.64,2276.14
12/27/2017 16:00:00,1049.37,12/27/2017 16:00:00,1182.26,12/27/2017 16:00:00,42.65,2274.28
12/28/2017 16:00:00,1048.14,12/28/2017 16:00:00,1186.1,12/28/2017 16:00:00,42.77,2277.01
12/29/2017 16:00:00,1046.4,12/29/2017 16:00:00,1169.47,12/29/2017 16:00:00,42.31,2258.18
1/2/2018 16:00:00,1065,1/2/2018 16:00:00,1189.01,1/2/2018 16:00:00,43.07,2297.08
1/3/2018 16:00:00,1082.48,1/3/2018 16:00:00,1204.2,1/3/2018 16:00:00,43.06,2329.74
1/4/2018 16:00:00,1086.4,1/4/2018 16:00:00,1209.59,1/4/2018 16:00:00,43.26,2339.25
1/5/2018 16:00:00,1102.23,1/5/2018 16:00:00,1229.14,1/5/2018 16:00:00,43.75,2375.12
1/8/2018 16:00:00,1106.94,1/8/2018 16:00:00,1246.87,1/8/2018 16:00:00,43.59,2397.4
1/9/2018 16:00:00,1106.26,1/9/2018 16:00:00,1252.7,1/9/2018 16:00:00,43.58,2402.54
1/10/2018 16:00:00,1102.61,1/10/2018 16:00:00,1254.33,1/10/2018 16:00:00,43.57,2400.51
1/11/2018 16:00:00,1105.52,1/11/2018 16:00:00,1276.68,1/11/2018 16:00:00,43.82,2426.02
1/12/2018 16:00:00,1122.26,1/12/2018 16:00:00,1305.2,1/12/2018 16:00:00,44.27,2471.73
1/16/2018 16:00:00,1121.76,1/16/2018 16:00:00,1304.86,1/16/2018 16:00:00,44.05,2470.67
1/17/2018 16:00:00,1131.98,1/17/2018 16:00:00,1295,1/17/2018 16:00:00,44.78,2471.76
1/18/2018 16:00:00,1129.79,1/18/2018 16:00:00,1293.32,1/18/2018 16:00:00,44.82,2467.93
1/19/2018 16:00:00,1137.51,1/19/2018 16:00:00,1294.58,1/19/2018 16:00:00,44.62,2476.71
1/22/2018 16:00:00,1155.81,1/22/2018 16:00:00,1327.31,1/22/2018 16:00:00,44.25,2527.37
1/23/2018 16:00:00,1169.97,1/23/2018 16:00:00,1362.54,1/23/2018 16:00:00,44.26,2576.77
1/24/2018 16:00:00,1164.24,1/24/2018 16:00:00,1357.51,1/24/2018 16:00:00,43.56,2565.31
1/25/2018 16:00:00,1170.37,1/25/2018 16:00:00,1377.95,1/25/2018 16:00:00,42.78,2591.1
1/26/2018 16:00:00,1175.84,1/26/2018 16:00:00,1402.05,1/26/2018 16:00:00,42.88,2620.77
1/29/2018 16:00:00,1175.58,1/29/2018 16:00:00,1417.68,1/29/2018 16:00:00,41.99,2635.25
1/30/2018 16:00:00,1163.69,1/30/2018 16:00:00,1437.82,1/30/2018 16:00:00,41.74,2643.25
1/31/2018 16:00:00,1169.94,1/31/2018 16:00:00,1450.89,1/31/2018 16:00:00,41.86,2662.69
2/1/2018 16:00:00,1167.7,2/1/2018 16:00:00,1390,2/1/2018 16:00:00,41.95,2599.65
2/2/2018 16:00:00,1111.9,2/2/2018 16:00:00,1429.95,2/2/2018 16:00:00,40.13,2581.98
2/5/2018 16:00:00,1055.8,2/5/2018 16:00:00,1390,2/5/2018 16:00:00,39.12,2484.92
2/6/2018 16:00:00,1080.6,2/6/2018 16:00:00,1442.84,2/6/2018 16:00:00,40.76,2564.2
2/7/2018 16:00:00,1048.58,2/7/2018 16:00:00,1416.78,2/7/2018 16:00:00,39.89,2505.25
2/8/2018 16:00:00,1001.52,2/8/2018 16:00:00,1350.5,2/8/2018 16:00:00,38.79,2390.81
2/9/2018 16:00:00,1037.78,2/9/2018 16:00:00,1339.6,2/9/2018 16:00:00,39.1,2416.48
2/12/2018 16:00:00,1051.94,2/12/2018 16:00:00,1386.23,2/12/2018 16:00:00,40.68,2478.85
2/13/2018 16:00:00,1052.1,2/13/2018 16:00:00,1414.51,2/13/2018 16:00:00,41.09,2507.7
2/14/2018 16:00:00,1069.7,2/14/2018 16:00:00,1451.05,2/14/2018 16:00:00,41.84,2562.59
2/15/2018 16:00:00,1089.52,2/15/2018 16:00:00,1461.76,2/15/2018 16:00:00,43.25,2594.53
2/16/2018 16:00:00,1094.8,2/16/2018 16:00:00,1448.69,2/16/2018 16:00:00,43.11,2586.6
2/20/2018 16:00:00,1102.46,2/20/2018 16:00:00,1468.35,2/20/2018 16:00:00,42.96,2613.77
2/21/2018 16:00:00,1111.34,2/21/2018 16:00:00,1482.92,2/21/2018 16:00:00,42.77,2637.03
2/22/2018 16:00:00,1106.63,2/22/2018 16:00:00,1485.34,2/22/2018 16:00:00,43.13,2635.1
2/23/2018 16:00:00,1126.79,2/23/2018 16:00:00,1500,2/23/2018 16:00:00,43.88,2670.67
2/26/2018 16:00:00,1143.75,2/26/2018 16:00:00,1521.95,2/26/2018 16:00:00,44.74,2710.44
2/27/2018 16:00:00,1118.29,2/27/2018 16:00:00,1511.98,2/27/2018 16:00:00,44.6,2674.87
2/28/2018 16:00:00,1104.73,2/28/2018 16:00:00,1512.45,2/28/2018 16:00:00,44.53,2661.71
3/1/2018 16:00:00,1069.52,3/1/2018 16:00:00,1493.45,3/1/2018 16:00:00,43.75,2606.72
3/2/2018 16:00:00,1078.92,3/2/2018 16:00:00,1500.25,3/2/2018 16:00:00,44.05,2623.22
3/5/2018 16:00:00,1090.93,3/5/2018 16:00:00,1523.61,3/5/2018 16:00:00,44.21,2658.75
3/6/2018 16:00:00,1095.06,3/6/2018 16:00:00,1537.64,3/6/2018 16:00:00,44.17,2676.87
3/7/2018 16:00:00,1109.64,3/7/2018 16:00:00,1545,3/7/2018 16:00:00,43.76,2698.4
3/8/2018 16:00:00,1126,3/8/2018 16:00:00,1551.86,3/8/2018 16:00:00,44.24,2722.1
3/9/2018 16:00:00,1160.04,3/9/2018 16:00:00,1578.89,3/9/2018 16:00:00,45,2783.93
3/12/2018 16:00:00,1164.5,3/12/2018 16:00:00,1598.39,3/12/2018 16:00:00,45.43,2808.32
3/13/2018 16:00:00,1138.17,3/13/2018 16:00:00,1588.18,3/13/2018 16:00:00,44.99,2771.34
3/14/2018 16:00:00,1149.49,3/14/2018 16:00:00,1591,3/14/2018 16:00:00,44.61,2785.1
3/15/2018 16:00:00,1149.58,3/15/2018 16:00:00,1582.32,3/15/2018 16:00:00,44.66,2776.56
3/16/2018 16:00:00,1135.73,3/16/2018 16:00:00,1571.68,3/16/2018 16:00:00,44.51,2751.92
3/19/2018 16:00:00,1099.82,3/19/2018 16:00:00,1544.93,3/19/2018 16:00:00,43.83,2688.58
3/20/2018 16:00:00,1097.71,3/20/2018 16:00:00,1586.51,3/20/2018 16:00:00,43.81,2728.03
3/21/2018 16:00:00,1090.88,3/21/2018 16:00:00,1581.86,3/21/2018 16:00:00,42.82,2715.56
3/22/2018 16:00:00,1049.08,3/22/2018 16:00:00,1544.92,3/22/2018 16:00:00,42.21,2636.21
3/23/2018 16:00:00,1021.57,3/23/2018 16:00:00,1495.56,3/23/2018 16:00:00,41.24,2558.37
3/26/2018 16:00:00,1053.21,3/26/2018 16:00:00,1555.86,3/26/2018 16:00:00,43.19,2652.26
3/27/2018 16:00:00,1005.1,3/27/2018 16:00:00,1497.05,3/27/2018 16:00:00,42.09,2544.24
3/28/2018 16:00:00,1004.56,3/28/2018 16:00:00,1431.42,3/28/2018 16:00:00,41.62,2477.6
3/29/2018 16:00:00,1031.79,3/29/2018 16:00:00,1447.34,3/29/2018 16:00:00,41.95,2521.08
4/2/2018 16:00:00,1006.47,4/2/2018 16:00:00,1371.99,4/2/2018 16:00:00,41.67,2420.13
4/3/2018 16:00:00,1013.41,4/3/2018 16:00:00,1392.05,4/3/2018 16:00:00,42.1,2447.56
4/4/2018 16:00:00,1025.14,4/4/2018 16:00:00,1410.57,4/4/2018 16:00:00,42.9,2478.61
4/5/2018 16:00:00,1027.81,4/5/2018 16:00:00,1451.75,4/5/2018 16:00:00,43.2,2522.76
4/6/2018 16:00:00,1007.04,4/6/2018 16:00:00,1405.23,4/6/2018 16:00:00,42.1,2454.37
4/9/2018 16:00:00,1015.45,4/9/2018 16:00:00,1406.08,4/9/2018 16:00:00,42.51,2464.04
4/10/2018 16:00:00,1031.64,4/10/2018 16:00:00,1436.22,4/10/2018 16:00:00,43.31,2511.17
4/11/2018 16:00:00,1019.97,4/11/2018 16:00:00,1427.05,4/11/2018 16:00:00,43.11,2490.13
4/12/2018 16:00:00,1032.51,4/12/2018 16:00:00,1448.5,4/12/2018 16:00:00,43.54,2524.55
4/13/2018 16:00:00,1029.27,4/13/2018 16:00:00,1430.79,4/13/2018 16:00:00,43.68,2503.74
4/16/2018 16:00:00,1037.98,4/16/2018 16:00:00,1441.5,4/16/2018 16:00:00,43.96,2523.44
4/17/2018 16:00:00,1074.16,4/17/2018 16:00:00,1503.83,4/17/2018 16:00:00,44.56,2622.55
4/18/2018 16:00:00,1072.08,4/18/2018 16:00:00,1527.84,4/18/2018 16:00:00,44.46,2644.38
4/19/2018 16:00:00,1087.7,4/19/2018 16:00:00,1556.91,4/19/2018 16:00:00,43.2,2687.81
4/20/2018 16:00:00,1072.96,4/20/2018 16:00:00,1527.49,4/20/2018 16:00:00,41.43,2641.88
4/23/2018 16:00:00,1067.45,4/23/2018 16:00:00,1517.86,4/23/2018 16:00:00,41.31,2626.62
4/24/2018 16:00:00,1019.98,4/24/2018 16:00:00,1460.09,4/24/2018 16:00:00,40.74,2520.81
4/25/2018 16:00:00,1021.18,4/25/2018 16:00:00,1460.17,4/25/2018 16:00:00,40.91,2522.26
4/26/2018 16:00:00,1040.04,4/26/2018 16:00:00,1517.96,4/26/2018 16:00:00,41.06,2599.06
4/27/2018 16:00:00,1030.05,4/27/2018 16:00:00,1572.62,4/27/2018 16:00:00,40.58,2643.25
4/30/2018 16:00:00,1017.33,4/30/2018 16:00:00,1566.13,4/30/2018 16:00:00,41.32,2624.78
5/1/2018 16:00:00,1037.31,5/1/2018 16:00:00,1582.26,5/1/2018 16:00:00,42.28,2661.85
5/2/2018 16:00:00,1024.38,5/2/2018 16:00:00,1569.68,5/2/2018 16:00:00,44.14,2638.2
5/3/2018 16:00:00,1023.72,5/3/2018 16:00:00,1572.08,5/3/2018 16:00:00,44.22,2640.02
5/4/2018 16:00:00,1048.21,5/4/2018 16:00:00,1580.95,5/4/2018 16:00:00,45.96,2675.12
5/7/2018 16:00:00,1054.79,5/7/2018 16:00:00,1600.14,5/7/2018 16:00:00,46.29,2701.22
5/8/2018 16:00:00,1053.91,5/8/2018 16:00:00,1592.39,5/8/2018 16:00:00,46.51,2692.81
5/9/2018 16:00:00,1082.76,5/9/2018 16:00:00,1608,5/9/2018 16:00:00,46.84,2737.6
5/10/2018 16:00:00,1097.57,5/10/2018 16:00:00,1609.08,5/10/2018 16:00:00,47.51,2754.16
5/11/2018 16:00:00,1098.26,5/11/2018 16:00:00,1602.91,5/11/2018 16:00:00,47.15,2748.32
5/14/2018 16:00:00,1100.2,5/14/2018 16:00:00,1601.54,5/14/2018 16:00:00,47.04,2748.78
5/15/2018 16:00:00,1079.23,5/15/2018 16:00:00,1576.12,5/15/2018 16:00:00,46.61,2701.96
5/16/2018 16:00:00,1081.77,5/16/2018 16:00:00,1587.28,5/16/2018 16:00:00,47.05,2716.1
5/17/2018 16:00:00,1078.59,5/17/2018 16:00:00,1581.76,5/17/2018 16:00:00,46.75,2707.1
5/18/2018 16:00:00,1066.36,5/18/2018 16:00:00,1574.37,5/18/2018 16:00:00,46.58,2687.31
5/21/2018 16:00:00,1079.58,5/21/2018 16:00:00,1585.46,5/21/2018 16:00:00,46.91,2711.95
5/22/2018 16:00:00,1069.73,5/22/2018 16:00:00,1581.4,5/22/2018 16:00:00,46.79,2697.92
5/23/2018 16:00:00,1079.69,5/23/2018 16:00:00,1601.86,5/23/2018 16:00:00,47.09,2728.64
5/24/2018 16:00:00,1079.24,5/24/2018 16:00:00,1603.07,5/24/2018 16:00:00,47.04,2729.35
5/25/2018 16:00:00,1075.66,5/25/2018 16:00:00,1610.15,5/25/2018 16:00:00,47.15,2732.96
5/29/2018 16:00:00,1060.32,5/29/2018 16:00:00,1612.87,5/29/2018 16:00:00,46.98,2720.17
5/30/2018 16:00:00,1067.8,5/30/2018 16:00:00,1624.89,5/30/2018 16:00:00,46.88,2739.57
5/31/2018 16:00:00,1084.99,5/31/2018 16:00:00,1629.62,5/31/2018 16:00:00,46.72,2761.33
6/1/2018 16:00:00,1119.5,6/1/2018 16:00:00,1641.54,6/1/2018 16:00:00,47.56,2808.6
6/4/2018 16:00:00,1139.29,6/4/2018 16:00:00,1665.27,6/4/2018 16:00:00,47.96,2852.52
6/5/2018 16:00:00,1139.66,6/5/2018 16:00:00,1696.35,6/5/2018 16:00:00,48.33,2884.34
6/6/2018 16:00:00,1136.88,6/6/2018 16:00:00,1695.75,6/6/2018 16:00:00,48.5,2881.13
6/7/2018 16:00:00,1123.86,6/7/2018 16:00:00,1689.3,6/7/2018 16:00:00,48.37,2861.53
6/8/2018 16:00:00,1120.87,6/8/2018 16:00:00,1683.99,6/8/2018 16:00:00,47.93,2852.79
6/11/2018 16:00:00,1129.99,6/11/2018 16:00:00,1689.12,6/11/2018 16:00:00,47.81,2866.92
6/12/2018 16:00:00,1139.32,6/12/2018 16:00:00,1698.75,6/12/2018 16:00:00,48.07,2886.14
6/13/2018 16:00:00,1134.79,6/13/2018 16:00:00,1704.86,6/13/2018 16:00:00,47.68,2887.33
6/14/2018 16:00:00,1152.12,6/14/2018 16:00:00,1723.86,6/14/2018 16:00:00,47.7,2923.68
6/15/2018 16:00:00,1152.26,6/15/2018 16:00:00,1715.97,6/15/2018 16:00:00,47.21,2915.44
6/18/2018 16:00:00,1173.46,6/18/2018 16:00:00,1723.79,6/18/2018 16:00:00,47.19,2944.44
6/19/2018 16:00:00,1168.06,6/19/2018 16:00:00,1734.78,6/19/2018 16:00:00,46.42,2949.26
6/20/2018 16:00:00,1169.84,6/20/2018 16:00:00,1750.08,6/20/2018 16:00:00,46.63,2966.55
6/21/2018 16:00:00,1157.66,6/21/2018 16:00:00,1730.22,6/21/2018 16:00:00,46.37,2934.25
6/22/2018 16:00:00,1155.48,6/22/2018 16:00:00,1715.67,6/22/2018 16:00:00,46.23,2917.38
6/25/2018 16:00:00,1124.81,6/25/2018 16:00:00,1663.15,6/25/2018 16:00:00,45.54,2833.5
6/26/2018 16:00:00,1118.46,6/26/2018 16:00:00,1691.09,6/26/2018 16:00:00,46.11,2855.66
6/27/2018 16:00:00,1103.98,6/27/2018 16:00:00,1660.51,6/27/2018 16:00:00,46.04,2810.53
6/28/2018 16:00:00,1114.22,6/28/2018 16:00:00,1701.45,6/28/2018 16:00:00,46.38,2862.05
6/29/2018 16:00:00,1115.65,6/29/2018 16:00:00,1699.8,6/29/2018 16:00:00,46.28,2861.73
7/2/2018 16:00:00,1127.46,7/2/2018 16:00:00,1713.78,7/2/2018 16:00:00,46.8,2888.04
7/3/2018 13:00:00,1102.89,7/3/2018 13:00:00,1693.96,7/3/2018 13:00:00,45.98,2842.83
7/5/2018 16:00:00,1124.27,7/5/2018 16:00:00,1699.73,7/5/2018 16:00:00,46.35,2870.35
7/6/2018 16:00:00,1140.17,7/6/2018 16:00:00,1710.63,7/6/2018 16:00:00,46.99,2897.79
7/9/2018 16:00:00,1154.05,7/9/2018 16:00:00,1739.02,7/9/2018 16:00:00,47.65,2940.72
7/10/2018 16:00:00,1152.84,7/10/2018 16:00:00,1743.07,7/10/2018 16:00:00,47.59,2943.5
7/11/2018 16:00:00,1153.9,7/11/2018 16:00:00,1755,7/11/2018 16:00:00,46.97,2955.87
7/12/2018 16:00:00,1183.48,7/12/2018 16:00:00,1796.62,7/12/2018 16:00:00,47.76,3027.86
7/13/2018 16:00:00,1188.82,7/13/2018 16:00:00,1813.03,7/13/2018 16:00:00,47.83,3049.68
7/16/2018 16:00:00,1183.86,7/16/2018 16:00:00,1822.49,7/16/2018 16:00:00,47.73,3054.08
7/17/2018 16:00:00,1198.8,7/17/2018 16:00:00,1843.93,7/17/2018 16:00:00,47.86,3090.59
7/18/2018 16:00:00,1195.88,7/18/2018 16:00:00,1842.92,7/18/2018 16:00:00,47.6,3086.4
7/19/2018 16:00:00,1186.96,7/19/2018 16:00:00,1812.97,7/19/2018 16:00:00,47.97,3047.9
7/20/2018 16:00:00,1184.91,7/20/2018 16:00:00,1813.7,7/20/2018 16:00:00,47.86,3046.47
7/23/2018 16:00:00,1205.5,7/23/2018 16:00:00,1802,7/23/2018 16:00:00,47.86,3055.36
7/24/2018 16:00:00,1248.08,7/24/2018 16:00:00,1829.24,7/24/2018 16:00:00,48.25,3125.57
7/25/2018 16:00:00,1263.7,7/25/2018 16:00:00,1863.61,7/25/2018 16:00:00,48.71,3176.02
7/26/2018 16:00:00,1268.33,7/26/2018 16:00:00,1808,7/26/2018 16:00:00,48.55,3124.88
7/27/2018 16:00:00,1238.5,7/27/2018 16:00:00,1817.27,7/27/2018 16:00:00,47.75,3103.52
7/30/2018 16:00:00,1219.74,7/30/2018 16:00:00,1779.22,7/30/2018 16:00:00,47.48,3046.44
7/31/2018 16:00:00,1217.26,7/31/2018 16:00:00,1777.44,7/31/2018 16:00:00,47.57,3042.27
8/1/2018 16:00:00,1220.01,8/1/2018 16:00:00,1797.17,8/1/2018 16:00:00,50.38,3067.56
8/2/2018 16:00:00,1226.15,8/2/2018 16:00:00,1834.33,8/2/2018 16:00:00,51.85,3112.33
8/3/2018 16:00:00,1223.71,8/3/2018 16:00:00,1823.29,8/3/2018 16:00:00,52,3099
8/6/2018 16:00:00,1224.77,8/6/2018 16:00:00,1847.75,8/6/2018 16:00:00,52.27,3124.79
8/7/2018 16:00:00,1242.22,8/7/2018 16:00:00,1862.48,8/7/2018 16:00:00,51.78,3156.48
8/8/2018 16:00:00,1245.61,8/8/2018 16:00:00,1886.52,8/8/2018 16:00:00,51.81,3183.94
8/9/2018 16:00:00,1249.1,8/9/2018 16:00:00,1898.52,8/9/2018 16:00:00,52.22,3199.84
8/10/2018 16:00:00,1237.61,8/10/2018 16:00:00,1886.3,8/10/2018 16:00:00,51.88,3175.79
8/13/2018 16:00:00,1235.01,8/13/2018 16:00:00,1896.2,8/13/2018 16:00:00,52.22,3183.43
8/14/2018 16:00:00,1242.1,8/14/2018 16:00:00,1919.65,8/14/2018 16:00:00,52.44,3214.19
8/15/2018 16:00:00,1214.38,8/15/2018 16:00:00,1882.62,8/15/2018 16:00:00,52.56,3149.56
8/16/2018 16:00:00,1206.49,8/16/2018 16:00:00,1886.52,8/16/2018 16:00:00,53.33,3146.34
8/17/2018 16:00:00,1200.96,8/17/2018 16:00:00,1882.22,8/17/2018 16:00:00,54.4,3137.58
8/20/2018 16:00:00,1207.77,8/20/2018 16:00:00,1876.71,8/20/2018 16:00:00,53.87,3138.35
8/21/2018 16:00:00,1201.62,8/21/2018 16:00:00,1883.42,8/21/2018 16:00:00,53.76,3138.8
8/22/2018 16:00:00,1207.33,8/22/2018 16:00:00,1904.9,8/22/2018 16:00:00,53.76,3165.99
8/23/2018 16:00:00,1205.38,8/23/2018 16:00:00,1902.9,8/23/2018 16:00:00,53.87,3162.15
8/24/2018 16:00:00,1220.65,8/24/2018 16:00:00,1905.39,8/24/2018 16:00:00,54.04,3180.08
8/27/2018 16:00:00,1241.82,8/27/2018 16:00:00,1927.68,8/27/2018 16:00:00,54.49,3223.99
8/28/2018 16:00:00,1231.15,8/28/2018 16:00:00,1932.82,8/28/2018 16:00:00,54.93,3218.9
8/29/2018 16:00:00,1249.3,8/29/2018 16:00:00,1998.1,8/29/2018 16:00:00,55.75,3303.15
8/30/2018 16:00:00,1239.12,8/30/2018 16:00:00,2002.38,8/30/2018 16:00:00,56.26,3297.76
8/31/2018 16:00:00,1218.19,8/31/2018 16:00:00,2012.71,8/31/2018 16:00:00,56.91,3287.81
9/4/2018 16:00:00,1197,9/4/2018 16:00:00,2039.51,9/4/2018 16:00:00,57.09,3293.6
9/5/2018 16:00:00,1186.48,9/5/2018 16:00:00,1994.82,9/5/2018 16:00:00,56.72,3238.02
9/6/2018 16:00:00,1171.44,9/6/2018 16:00:00,1958.31,9/6/2018 16:00:00,55.78,3185.53
9/7/2018 16:00:00,1164.83,9/7/2018 16:00:00,1952.07,9/7/2018 16:00:00,55.33,3172.23
9/10/2018 16:00:00,1164.64,9/10/2018 16:00:00,1939.01,9/10/2018 16:00:00,54.58,3158.23
9/11/2018 16:00:00,1177.36,9/11/2018 16:00:00,1987.15,9/11/2018 16:00:00,55.96,3220.47
9/12/2018 16:00:00,1162.82,9/12/2018 16:00:00,1990,9/12/2018 16:00:00,55.27,3208.09
9/13/2018 16:00:00,1175.33,9/13/2018 16:00:00,1989.87,9/13/2018 16:00:00,56.6,3221.8
9/14/2018 16:00:00,1172.53,9/14/2018 16:00:00,1970.19,9/14/2018 16:00:00,55.96,3198.68
9/17/2018 16:00:00,1156.05,9/17/2018 16:00:00,1908.03,9/17/2018 16:00:00,54.47,3118.55
9/18/2018 16:00:00,1161.22,9/18/2018 16:00:00,1941.05,9/18/2018 16:00:00,54.56,3156.83
9/19/2018 16:00:00,1171.09,9/19/2018 16:00:00,1926.42,9/19/2018 16:00:00,54.59,3152.1
9/20/2018 16:00:00,1186.87,9/20/2018 16:00:00,1944.3,9/20/2018 16:00:00,55.01,3186.18
9/21/2018 16:00:00,1166.09,9/21/2018 16:00:00,1915.01,9/21/2018 16:00:00,54.42,3135.52
9/24/2018 16:00:00,1173.37,9/24/2018 16:00:00,1934.36,9/24/2018 16:00:00,55.2,3162.93
9/25/2018 16:00:00,1184.65,9/25/2018 16:00:00,1974.55,9/25/2018 16:00:00,55.55,3214.75
9/26/2018 16:00:00,1180.49,9/26/2018 16:00:00,1974.85,9/26/2018 16:00:00,55.11,3210.45
9/27/2018 16:00:00,1194.64,9/27/2018 16:00:00,2012.98,9/27/2018 16:00:00,56.24,3263.86
9/28/2018 16:00:00,1193.47,9/28/2018 16:00:00,2003,9/28/2018 16:00:00,56.44,3252.91
10/1/2018 16:00:00,1195.31,10/1/2018 16:00:00,2004.36,10/1/2018 16:00:00,56.82,3256.49
10/2/2018 16:00:00,1200.11,10/2/2018 16:00:00,1971.31,10/2/2018 16:00:00,57.32,3228.74
10/3/2018 16:00:00,1202.95,10/3/2018 16:00:00,1952.76,10/3/2018 16:00:00,58.02,3213.73
10/4/2018 16:00:00,1168.19,10/4/2018 16:00:00,1909.42,10/4/2018 16:00:00,57,3134.61
10/5/2018 16:00:00,1157.35,10/5/2018 16:00:00,1889.65,10/5/2018 16:00:00,56.07,3103.07
10/8/2018 16:00:00,1148.97,10/8/2018 16:00:00,1864.42,10/8/2018 16:00:00,55.94,3069.33
10/9/2018 16:00:00,1138.82,10/9/2018 16:00:00,1870.32,10/9/2018 16:00:00,56.72,3065.86
10/10/2018 16:00:00,1081.22,10/10/2018 16:00:00,1755.25,10/10/2018 16:00:00,54.09,2890.56
10/11/2018 16:00:00,1079.32,10/11/2018 16:00:00,1719.36,10/11/2018 16:00:00,53.61,2852.29
10/12/2018 16:00:00,1110.08,10/12/2018 16:00:00,1788.61,10/12/2018 16:00:00,55.53,2954.22
10/15/2018 16:00:00,1092.25,10/15/2018 16:00:00,1760.95,10/15/2018 16:00:00,54.34,2907.54
10/16/2018 16:00:00,1121.28,10/16/2018 16:00:00,1819.96,10/16/2018 16:00:00,55.54,2996.78
10/17/2018 16:00:00,1115.69,10/17/2018 16:00:00,1831.73,10/17/2018 16:00:00,55.3,3002.72
10/18/2018 16:00:00,1087.97,10/18/2018 16:00:00,1770.72,10/18/2018 16:00:00,54.01,2912.7
10/19/2018 16:00:00,1096.46,10/19/2018 16:00:00,1764.03,10/19/2018 16:00:00,54.83,2915.32
10/22/2018 16:00:00,1101.16,10/22/2018 16:00:00,1789.3,10/22/2018 16:00:00,55.16,2945.62
10/23/2018 16:00:00,1103.69,10/23/2018 16:00:00,1768.7,10/23/2018 16:00:00,55.68,2928.07
10/24/2018 16:00:00,1050.71,10/24/2018 16:00:00,1664.2,10/24/2018 16:00:00,53.77,2768.68
10/25/2018 16:00:00,1095.57,10/25/2018 16:00:00,1782.17,10/25/2018 16:00:00,54.95,2932.69
10/26/2018 16:00:00,1071.47,10/26/2018 16:00:00,1642.81,10/26/2018 16:00:00,54.08,2768.36
10/29/2018 16:00:00,1020.08,10/29/2018 16:00:00,1538.88,10/29/2018 16:00:00,53.06,2612.02
10/30/2018 16:00:00,1036.21,10/30/2018 16:00:00,1530.42,10/30/2018 16:00:00,53.33,2619.96
10/31/2018 16:00:00,1076.77,10/31/2018 16:00:00,1598.01,10/31/2018 16:00:00,54.72,2729.5
11/1/2018 16:00:00,1070,11/1/2018 16:00:00,1665.53,11/1/2018 16:00:00,55.56,2791.09
11/2/2018 16:00:00,1057.79,11/2/2018 16:00:00,1665.53,11/2/2018 16:00:00,51.87,2775.19
11/5/2018 16:00:00,1040.09,11/5/2018 16:00:00,1627.8,11/5/2018 16:00:00,50.4,2718.29
11/6/2018 16:00:00,1055.81,11/6/2018 16:00:00,1642.81,11/6/2018 16:00:00,50.94,2749.56
11/7/2018 16:00:00,1093.39,11/7/2018 16:00:00,1755.49,11/7/2018 16:00:00,52.49,2901.37
11/8/2018 16:00:00,1082.4,11/8/2018 16:00:00,1754.91,11/8/2018 16:00:00,52.12,2889.43
11/9/2018 16:00:00,1066.15,11/9/2018 16:00:00,1712.43,11/9/2018 16:00:00,51.12,2829.7
11/12/2018 16:00:00,1038.63,11/12/2018 16:00:00,1636.85,11/12/2018 16:00:00,48.54,2724.02
11/13/2018 16:00:00,1036.05,11/13/2018 16:00:00,1631.17,11/13/2018 16:00:00,48.06,2715.28
11/14/2018 16:00:00,1043.66,11/14/2018 16:00:00,1599.01,11/14/2018 16:00:00,46.7,2689.37
11/15/2018 16:00:00,1064.71,11/15/2018 16:00:00,1619.44,11/15/2018 16:00:00,47.85,2732
11/16/2018 16:00:00,1061.49,11/16/2018 16:00:00,1593.41,11/16/2018 16:00:00,48.38,2703.28
11/19/2018 16:00:00,1020,11/19/2018 16:00:00,1512.29,11/19/2018 16:00:00,46.47,2578.76
11/20/2018 16:00:00,1025.76,11/20/2018 16:00:00,1495.46,11/20/2018 16:00:00,44.25,2565.47
11/21/2018 16:00:00,1037.61,11/21/2018 16:00:00,1516.73,11/21/2018 16:00:00,44.2,2598.54
11/23/2018 13:00:00,1023.88,11/23/2018 13:00:00,1502.06,11/23/2018 13:00:00,43.07,2569.01
11/26/2018 16:00:00,1048.62,11/26/2018 16:00:00,1581.33,11/26/2018 16:00:00,43.66,2673.61
11/27/2018 16:00:00,1044.41,11/27/2018 16:00:00,1581.42,11/27/2018 16:00:00,43.56,2669.39
11/28/2018 16:00:00,1086.23,11/28/2018 16:00:00,1677.75,11/28/2018 16:00:00,45.24,2809.22
11/29/2018 16:00:00,1088.3,11/29/2018 16:00:00,1673.57,11/29/2018 16:00:00,44.89,2806.76
11/30/2018 16:00:00,1094.43,11/30/2018 16:00:00,1690.17,11/30/2018 16:00:00,44.65,2829.25
12/3/2018 16:00:00,1106.43,12/3/2018 16:00:00,1772.36,12/3/2018 16:00:00,46.21,2925
12/4/2018 16:00:00,1050.82,12/4/2018 16:00:00,1668.4,12/4/2018 16:00:00,44.17,2763.39
12/6/2018 16:00:00,1068.73,12/6/2018 16:00:00,1699.19,12/6/2018 16:00:00,43.68,2811.6
12/7/2018 16:00:00,1036.58,12/7/2018 16:00:00,1629.13,12/7/2018 16:00:00,42.12,2707.83
12/10/2018 16:00:00,1039.55,12/10/2018 16:00:00,1641.03,12/10/2018 16:00:00,42.4,2722.98
12/11/2018 16:00:00,1051.75,12/11/2018 16:00:00,1643.24,12/11/2018 16:00:00,42.16,2737.15
12/12/2018 16:00:00,1063.68,12/12/2018 16:00:00,1663.54,12/12/2018 16:00:00,42.28,2769.5
12/13/2018 16:00:00,1061.9,12/13/2018 16:00:00,1658.38,12/13/2018 16:00:00,42.74,2763.02
12/14/2018 16:00:00,1042.1,12/14/2018 16:00:00,1591.91,12/14/2018 16:00:00,41.37,2675.38
12/17/2018 16:00:00,1016.53,12/17/2018 16:00:00,1520.91,12/17/2018 16:00:00,40.99,2578.43
12/18/2018 16:00:00,1028.71,12/18/2018 16:00:00,1551.48,12/18/2018 16:00:00,41.52,2621.71
12/19/2018 16:00:00,1023.01,12/19/2018 16:00:00,1495.08,12/19/2018 16:00:00,40.22,2558.31
12/20/2018 16:00:00,1009.41,12/20/2018 16:00:00,1460.83,12/20/2018 16:00:00,39.21,2509.45
12/21/2018 16:00:00,979.54,12/21/2018 16:00:00,1377.45,12/21/2018 16:00:00,37.68,2394.67
12/24/2018 13:00:00,976.22,12/24/2018 13:00:00,1343.96,12/24/2018 13:00:00,36.71,2356.89
12/26/2018 16:00:00,1039.46,12/26/2018 16:00:00,1470.9,12/26/2018 16:00:00,39.29,2549.65
12/27/2018 16:00:00,1043.88,12/27/2018 16:00:00,1461.64,12/27/2018 16:00:00,39.04,2544.56
12/28/2018 16:00:00,1037.08,12/28/2018 16:00:00,1478.02,12/28/2018 16:00:00,39.06,2554.16
12/31/2018 16:00:00,1035.61,12/31/2018 16:00:00,1501.97,12/31/2018 16:00:00,39.44,2577.02
1/2/2019 16:00:00,1045.85,1/2/2019 16:00:00,1539.13,1/2/2019 16:00:00,39.48,2624.46
1/3/2019 16:00:00,1016.06,1/3/2019 16:00:00,1500.28,1/3/2019 16:00:00,35.55,2551.89
1/4/2019 16:00:00,1070.71,1/4/2019 16:00:00,1575.39,1/4/2019 16:00:00,37.07,2683.17
1/7/2019 16:00:00,1068.39,1/7/2019 16:00:00,1629.51,1/7/2019 16:00:00,36.98,2734.88
1/8/2019 16:00:00,1076.28,1/8/2019 16:00:00,1656.58,1/8/2019 16:00:00,37.69,2770.55
1/9/2019 16:00:00,1074.66,1/9/2019 16:00:00,1659.42,1/9/2019 16:00:00,38.33,2772.41
1/10/2019 16:00:00,1070.33,1/10/2019 16:00:00,1656.22,1/10/2019 16:00:00,38.45,2765
1/11/2019 16:00:00,1057.19,1/11/2019 16:00:00,1640.56,1/11/2019 16:00:00,38.07,2735.82
1/14/2019 16:00:00,1044.69,1/14/2019 16:00:00,1617.21,1/14/2019 16:00:00,37.5,2699.4
1/15/2019 16:00:00,1077.15,1/15/2019 16:00:00,1674.56,1/15/2019 16:00:00,38.27,2789.98
1/16/2019 16:00:00,1080.97,1/16/2019 16:00:00,1683.78,1/16/2019 16:00:00,38.74,2803.49
1/17/2019 16:00:00,1089.9,1/17/2019 16:00:00,1693.22,1/17/2019 16:00:00,38.97,2822.09
1/18/2019 16:00:00,1098.26,1/18/2019 16:00:00,1696.2,1/18/2019 16:00:00,39.21,2833.67
1/22/2019 16:00:00,1070.52,1/22/2019 16:00:00,1632.17,1/22/2019 16:00:00,38.33,2741.02
1/23/2019 16:00:00,1075.57,1/23/2019 16:00:00,1640.02,1/23/2019 16:00:00,38.48,2754.07
1/24/2019 16:00:00,1073.9,1/24/2019 16:00:00,1654.93,1/24/2019 16:00:00,38.17,2767
1/25/2019 16:00:00,1090.99,1/25/2019 16:00:00,1670.57,1/25/2019 16:00:00,39.44,2801
1/28/2019 16:00:00,1070.08,1/28/2019 16:00:00,1637.89,1/28/2019 16:00:00,39.08,2747.05
1/29/2019 16:00:00,1060.62,1/29/2019 16:00:00,1593.88,1/29/2019 16:00:00,38.67,2693.17
1/30/2019 16:00:00,1089.06,1/30/2019 16:00:00,1670.43,1/30/2019 16:00:00,41.31,2800.8
1/31/2019 16:00:00,1116.37,1/31/2019 16:00:00,1718.73,1/31/2019 16:00:00,41.61,2876.71
2/1/2019 16:00:00,1110.75,2/1/2019 16:00:00,1626.23,2/1/2019 16:00:00,41.63,2778.61
2/4/2019 16:00:00,1132.8,2/4/2019 16:00:00,1633.31,2/4/2019 16:00:00,42.81,2808.92
2/5/2019 16:00:00,1145.99,2/5/2019 16:00:00,1658.81,2/5/2019 16:00:00,43.55,2848.35
2/6/2019 16:00:00,1115.23,2/6/2019 16:00:00,1640.26,2/6/2019 16:00:00,43.56,2799.05
2/7/2019 16:00:00,1098.71,2/7/2019 16:00:00,1614.37,2/7/2019 16:00:00,42.74,2755.82
2/8/2019 16:00:00,1095.06,2/8/2019 16:00:00,1588.22,2/8/2019 16:00:00,42.6,2725.88
2/11/2019 16:00:00,1095.01,2/11/2019 16:00:00,1591,2/11/2019 16:00:00,42.36,2728.37
2/12/2019 16:00:00,1121.37,2/12/2019 16:00:00,1638.01,2/12/2019 16:00:00,42.72,2802.1
2/13/2019 16:00:00,1120.16,2/13/2019 16:00:00,1640,2/13/2019 16:00:00,42.55,2802.71
2/14/2019 16:00:00,1121.67,2/14/2019 16:00:00,1622.65,2/14/2019 16:00:00,42.7,2787.02
2/15/2019 16:00:00,1113.65,2/15/2019 16:00:00,1607.95,2/15/2019 16:00:00,42.61,2764.21
2/19/2019 16:00:00,1118.56,2/19/2019 16:00:00,1627.58,2/19/2019 16:00:00,42.73,2788.87
2/20/2019 16:00:00,1113.8,2/20/2019 16:00:00,1622.1,2/20/2019 16:00:00,43.01,2778.91
2/21/2019 16:00:00,1096.97,2/21/2019 16:00:00,1619.44,2/21/2019 16:00:00,42.77,2759.18
2/22/2019 16:00:00,1110.37,2/22/2019 16:00:00,1631.56,2/22/2019 16:00:00,43.24,2785.17
2/25/2019 16:00:00,1109.4,2/25/2019 16:00:00,1633,2/25/2019 16:00:00,43.56,2785.96
2/26/2019 16:00:00,1115.13,2/26/2019 16:00:00,1636.4,2/26/2019 16:00:00,43.58,2795.11
2/27/2019 16:00:00,1116.05,2/27/2019 16:00:00,1641.09,2/27/2019 16:00:00,43.72,2800.86
2/28/2019 16:00:00,1119.92,2/28/2019 16:00:00,1639.83,2/28/2019 16:00:00,43.29,2803.04
3/1/2019 16:00:00,1140.99,3/1/2019 16:00:00,1671.73,3/1/2019 16:00:00,43.74,2856.46
3/4/2019 16:00:00,1147.8,3/4/2019 16:00:00,1696.17,3/4/2019 16:00:00,43.96,2887.93
3/5/2019 16:00:00,1162.03,3/5/2019 16:00:00,1692.43,3/5/2019 16:00:00,43.88,2898.34
3/6/2019 16:00:00,1157.86,3/6/2019 16:00:00,1668.95,3/6/2019 16:00:00,43.63,2870.44
3/7/2019 16:00:00,1143.3,3/7/2019 16:00:00,1625.95,3/7/2019 16:00:00,43.13,2812.38
3/8/2019 16:00:00,1142.32,3/8/2019 16:00:00,1620.8,3/8/2019 16:00:00,43.23,2806.35
3/11/2019 16:00:00,1175.76,3/11/2019 16:00:00,1670.62,3/11/2019 16:00:00,44.73,2891.11
3/12/2019 16:00:00,1193.2,3/12/2019 16:00:00,1673.1,3/12/2019 16:00:00,45.23,2911.53
3/13/2019 16:00:00,1193.32,3/13/2019 16:00:00,1690.81,3/13/2019 16:00:00,45.43,2929.56
3/14/2019 16:00:00,1185.55,3/14/2019 16:00:00,1686.22,3/14/2019 16:00:00,45.93,2917.7
3/15/2019 16:00:00,1184.46,3/15/2019 16:00:00,1712.36,3/15/2019 16:00:00,46.53,2943.35
3/18/2019 16:00:00,1184.26,3/18/2019 16:00:00,1742.15,3/18/2019 16:00:00,47.01,2973.42
3/19/2019 16:00:00,1198.85,3/19/2019 16:00:00,1761.85,3/19/2019 16:00:00,46.63,3007.33
3/20/2019 16:00:00,1223.97,3/20/2019 16:00:00,1797.27,3/20/2019 16:00:00,47.04,3068.28
3/21/2019 16:00:00,1231.54,3/21/2019 16:00:00,1819.26,3/21/2019 16:00:00,48.77,3099.57
3/22/2019 16:00:00,1205.5,3/22/2019 16:00:00,1764.77,3/22/2019 16:00:00,47.76,3018.03
3/25/2019 16:00:00,1193,3/25/2019 16:00:00,1774.26,3/25/2019 16:00:00,47.19,3014.45
3/26/2019 16:00:00,1184.62,3/26/2019 16:00:00,1783.76,3/26/2019 16:00:00,46.7,3015.08
3/27/2019 16:00:00,1173.02,3/27/2019 16:00:00,1765.7,3/27/2019 16:00:00,47.12,2985.84
3/28/2019 16:00:00,1168.49,3/28/2019 16:00:00,1773.42,3/28/2019 16:00:00,47.18,2989.09
3/29/2019 16:00:00,1173.31,3/29/2019 16:00:00,1780.75,3/29/2019 16:00:00,47.49,3001.55
4/1/2019 16:00:00,1194.43,4/1/2019 16:00:00,1814.19,4/1/2019 16:00:00,47.81,3056.43
4/2/2019 16:00:00,1200.49,4/2/2019 16:00:00,1813.98,4/2/2019 16:00:00,48.51,3062.98
4/3/2019 16:00:00,1205.92,4/3/2019 16:00:00,1820.7,4/3/2019 16:00:00,48.84,3075.46
4/4/2019 16:00:00,1215,4/4/2019 16:00:00,1818.86,4/4/2019 16:00:00,48.92,3082.78
4/5/2019 16:00:00,1207.15,4/5/2019 16:00:00,1837.28,4/5/2019 16:00:00,49.25,3093.68
4/8/2019 16:00:00,1203.84,4/8/2019 16:00:00,1849.86,4/8/2019 16:00:00,50.03,3103.73
4/9/2019 16:00:00,1197.25,4/9/2019 16:00:00,1835.84,4/9/2019 16:00:00,49.88,3082.97
4/10/2019 16:00:00,1202.16,4/10/2019 16:00:00,1847.33,4/10/2019 16:00:00,50.16,3099.65
4/11/2019 16:00:00,1204.62,4/11/2019 16:00:00,1844.07,4/11/2019 16:00:00,49.74,3098.43
4/12/2019 16:00:00,1217.87,4/12/2019 16:00:00,1843.06,4/12/2019 16:00:00,49.72,3110.65
4/15/2019 16:00:00,1221.1,4/15/2019 16:00:00,1844.87,4/15/2019 16:00:00,49.81,3115.78
4/16/2019 16:00:00,1227.13,4/16/2019 16:00:00,1863.04,4/16/2019 16:00:00,49.81,3139.98
4/17/2019 16:00:00,1236.34,4/17/2019 16:00:00,1864.82,4/17/2019 16:00:00,50.78,3151.94
4/18/2019 16:00:00,1236.37,4/18/2019 16:00:00,1861.69,4/18/2019 16:00:00,50.97,3149.03
4/22/2019 16:00:00,1248.84,4/22/2019 16:00:00,1887.31,4/22/2019 16:00:00,51.13,3187.28